ID	Text	Class
1719949	Με το τέλος της σεζόν, η ομάδα κατάφερε μονάχα να προκριθεί για το Europa League καταλαμβάνοντας την 6η θέση του βαθμολογικού πίνακα του πρωταθλήματος, μετά από ένα κάκιστο πρώτο μισό πρωταθλήματος που άφησε τους, giallorossi, στα χαμηλά διαζώματα του βαθμολογικού πίνακα της Σέριε Α για κοντά την μισή σεζόν.	
1677470	Μια πρόσφατη εκ νέου περιγραφή του κρανίου του, Tarbosaurus bataar, έδειξε ότι είναι πολύ πιο στενό από αυτό του, Tyrannosaurus rex,  και ότι κατά τη διάρκεια ενός δαγκώματος η κατανομή πιέσεων στο κρανίο θα ήταν πολύ διαφορετική, πιο κοντά σε αυτή του Αλιόραμου, ενός άλλου τυραννοσαυρίδη από την Ασία.	
1713665	, See also, , Complex systems, Constructivist epistemology, Cybernetics, Family therapy, Holism, Mindbody problem, Secondorder cybernetics, Systems theory in anthropology, Systems thinking, Systems philosophy,  Publications, , Books,  published posthumously, ,  published posthumously, , Articles, a selection, 1956, Bateson, G, Jackson, D D, Jay Haley, Weakland, J,  Toward a Theory of Schizophrenia, , Behavioral Science,  vol1, 1956, 251264.	
1747772	Although various atmospheric suits were developed during the Victorian era, none of these suits were able to overcome the basic design problem of constructing a joint which would remain flexible and watertight at depth without seizing up under pressure.	
1761348	Βιβλία,  Halacha aktuell, Jüdische Religionsgestze und Bräuche im modernen Alltag,  Haag und Herchen Verlag, Frankfurt am Main, 1992, 2 Vol,  p, 387, p, 773, , Iyunim b, Halacha,  Haag und Herchen Verlag, Frankfurt am Main, 1992, p, 93, , Die Feiertage Israels, Die jüdischen Feiertage in er Sicht der Tradition,  Herchen Verlag, Frankfurt am Main, vol.	
1675977	Αναφέρει εν μέρει, Κάθε Νόμος του Κογκρέσου των Ηνωμένων πολιτειών, η Εκτελεστική Τάξη του Προέδρου των Ηνωμένων Πολιτειών ή η Δικαστική Τάξη από τους Judicatories των Ηνωμένων Πολιτειών της Αμερικής αναλαμβάνει μια εξουσία που δεν δίνεται στην κυβέρνηση των Ηνωμένων Πολιτειών της Αμερικής από το Σύνταγμα των Ηνωμένων Πολιτειών της Αμερικής και η οποία εξυπηρετεί την μείωση της ελευθερίας οποιασδήποτε από τις διάφορες Πολιτείες ή τους κατοίκους του, που αποτελούν μηδενισμό του Συντάγματος των Ηνωμένων Πολιτειών της Αμερικής από την κυβέρνηση των Ηνωμένων Πολιτειών της Αμερικής.	
1777384	Μεγαλωμένος στο Βορειοανατολικό Λος Άντζελες και την Βόρεια Καλιφόρνια, ο Μουρ εντάχθηκε στο μουσικό συγκρότημα posthardcore From First to Last ως, lead singer, το 2004, και συμμετείχε σε δύο ηχογραφήσεις δίσκων με το συγκρότημά του,  Dear Diary, My Teen Angst Has a Body Count,  το 2004, και, Heroine,  το 2006, προτού το εγκαταλείψει για να συνεχίσει, solo, καριέρα το 2007.	
1777052	, Analecta graeca, sive varia opuscula graeca inedita,  Paris, 1688, , S Athanasii opera omnia,  Paris, 1698, , Diarium italicum,  Paris, 1702, , Bibliotheca Coisliniana,  Paris, 1705, , Collectio nova patrum graecorum,  2 vols,  1706, , Palaeographia Graeca, sive, De ortu et progressu literarum graecarum,  Paris, 1708, , Bibliotheca Coisliniana olim Segueriana,  Paris, Ludovicus Guerin, Carolus Robustel,  Paris, 1715, , L antiquité expliquée et representée en figures,  vols.	
1764909	 Open Access Directory, an, openaccess, wikibased, communityupdated encyclopedia of OA factual lists,  started by Peter Suber,  UNESCO s Global Open Access Portal, providing, status of open access to scientific information around the world,  openaccessarticlescom, is an online directory that indexes and provides access to quality open access, peerreviewed articles information.	
1691302	Πιο πρόσφατα δημόσια πρόσωπα περιλαμβανομένων των γκουρού Har Krishan, 8ο γκουρού των Σιχ, το 1664, ο Πέτρος Β, της Ρωσίας το 1730, πέθανε,  ο George Washington, επέζησε,  ο βασιλιάς Λουδοβίκος ΧV το 1774, πέθανε, και ο Maximilian III Joseph της Βαυαρίας το 1777.	
1747216	Some of the towns, cities located on the range include,  Canberra, Goulburn, NSW, Cooma, NSW, Jindabyne, NSW, Katoomba, NSW, Oberon, NSW, Bowral, NSW, Bathurst, NSW, Orange, NSW, Armidale, NSW, Scone, NSW, Walcha, NSW, Guyra, NSW, Tenterfield, NSW, Toowoomba, QLD, Stanthorpe, QLD, Warwick, QLD, Kingaroy, QLD, Biloela, QLD, Emerald, QLD, Moranbah, QLD, Atherton, QLD, Mareeba, QLD, Omeo, VIC, Healesville, VIC, Gisborne, VIC, Ballarat, VIC, Ararat, VIC, , Water catchments, , The lower reaches are used for forestry, an activity that causes friction with conservationists.	
1691117	, , École Polytechnique, ,  Ο Λαγκράνζ διορίστηκε καθηγητής στην École Polytechnique το 1794, και οι διαλέξεις του όπως περιγράφονται από τους μαθηματικούς που είχαν την τύχη να τον παρακολουθήσουν, ήταν τέλειες τόσο σε μορφή όσο και σε ύλη.	
1685254	Με την εξαίρεση των επιτυχημένων de Havilland Mosquito, Bristol Beaufighter και Douglas A20, οι επιθετικές αποστολές χαμηλού ύψους πέρασαν στα μονοκινητήρια μαχητικά πολλαπλών ρόλων, όπως τα Hawker Hurricane, Hawker Typhoon και P47 Thunderbolt.	
1677487	Αν διαπιστωθεί ότι είναι αυθεντικό υλικό, οποιαδήποτε από της διατηρημένες πρωτεΐνες μπορεί να χρησιμοποιηθεί για την έμμεση πρόβλεψη μέρους του DNA των δεινοσαύρων που μπλέκονται, γιατί κάθως πρωτεΐνη τυπικά δημιουργείται από συγκεκριμένο γονίδιο.	
1690220	Όμως, στις 5 Μαΐου 2002 η ομοσπονδία άλλαξε τη διεύθυνση της ιστοσελίδας της από, wwfcom, σε, WWEcom, και αντικατέστησε κάθε αναφορά WWF στην ιστοσελίδα με το WWE, ως προοίμιο της αλλαγής του ονόματος της εταιρίας σε World Wrestling Entertainment.	
1734778	Berlin, 1882, 1895, reprint Berlin, de Gruyter, 1962, , Parmenides Lehrgedicht,  Berlin, 1897, second edition with a new Preface by Walter Burkert, Sankt Augustin, Academia Verlag 2003, , Poetarum Philosophorum Fragmenta,  Berlin, 1901, reprint Hildesheim, Weidmann 2000,.	
1730078	Το 1841, ζούσαν περίπου 200 Αρμένιοι στο νησί, σε σύνολο 108600,  εκ των οποίων περίπου 150160 διέμεναν στη Λευκωσία, με πληθυσμό 12000,  σύμφωνα με την καταγραφή πληθυσμού από το Μουχασίλη Ταλαάτ Εφέντη και τα γραπτά των Γάλλων ιστορικών και περιηγητών Louis Lacroix και Κόμη Louis de Mas Latrie.	
1736194	 Πρωτάθλημα ποδοσφαίρου Δανίας,  1, Πρωτάθλημα ποδοσφαίρου Δανίας 19931994, Κύπελλο Δανίας,  1, 2001, Κύπελλο Ιντερτότο ΟΥΕΦΑ,  1, 1996, Official Site, SIFosis, the official supporter group, SIFnetdk, a Popular SIF news and supporter Site, SIF4everdk, a Popular Supporter Site, SilkeborgIFdk, a Popular Supporter Site	
1747787	,  Physiological discoveries, , By the late 19th century, as salvage operations became deeper and longer, an unexplained malady began afflicting the divers, they would suffer breathing difficulties, dizziness, joint pain and paralysis, sometimes leading to death.	
1727223	Ο Τέσενοβ και οι συνεργάτες του αρχιτέκτονες, Hermann Muthesius και, Richard Riemerschmid πιστώνονται το Gartenstadt Hellerau το 1908, κοντά στη Δρέσδη, ένα σχέδιο σπιτιού που ήταν το πρώτο απτό αποτέλεσμα του αγγλικού κινήματος,  garden city movement, στην Γερμανία.	
1670534	, Oικονομία,  Το Βουκουρέστι αποτελεί το κέντρο της Ρουμανικής οικονομίας και βιομηχανίας, αντιπροσωπεύοντας περίπου τ0 227,  2010, του ΑΕΠ της χώρας και το ένα τέταρτο της βιομηχανικής παραγωγής της, ενώ κατοικείται από το 9, του πληθυσμού της.	
1729849	Χρειάστηκε σχεδόν ένας ολόκληρος αιώνας για να συλλεχθούν όλα τα γραπτά του σε 27 μεγάλους τόμους, , Oeuvres complètes d Augustin Cauchy publiées sous la direction scientifique de l Académie des sciences et sous les auspices de M le ministre de l Instruction publique, 27 volumes, , Paris, GauthierVillars et fils, 1882, 1974, , Cours d analyse de l École royale polytechnique, 1821, ,  Le Calcul infinitésimal,  1823, , Leçons sur les applications de calcul infinitésimal, , La géométrie,  1826, 1828, , Exercices d analyse et de physique mathematique, Volume 1, ,  Exercices d analyse et de physique mathematique, Volume 2, ,  Exercices d analyse et de physique mathematique, Volume 3, ,  Exercices d analyse et de physique mathematique, Volume 4, , Paris, Bachelier, 1840, 1847, , Analyse algèbrique,  Imprimerie Royale, 1821, , Nouveaux exercices de mathématiques,  Paris, GauthierVillars, 1895, , Courses of mechanics,  for the École Polytechnique, , Higher algebra,  for the Faculté des Sciences, , Mathematical physics,  for the Collège de France,.	
1706074	Σε γενικές γραμμές, αυτή η καμπύλη δεν αποκλίνει πολύ από την αρχική άγνωστη καμπύλη, και το σφάλμα μεταξύ των δύο καμπυλών μπορεί να γίνει μικρό, αν το μέγεθος του βήματος είναι αρκετά μικρό και το διάστημα του υπολογισμού είναι πεπερασμένο.	
1742179	,  2004, There Is No More Attraction,  as Soloist, , 2006, My Heart, , 2007, The Best Girl, , 2008, Get used to it, , 2010, Cold Heart, with Dzhigan, ,  2010, Drama, , 2010, Jealousy, , 2011, Cosmos, , 2012, What have I done, , 2013, Между нами кайф, , 2014, Сердце в бинтах, Βέρκα Σερντιούτσκα, Βαλέρι Μελάτζε, Official Website	
1768353	 Διπλασίασε κάθε δεύτερο ψηφίο, ξεκινώντας από το πιο δεξιά,  1, 2,  2,  8, 2,  16,  3, 2,  6,  2, 2,  4,  9, 2,  18, Άθροισε όλα τα ψηφία, τα ψηφία στις παρενθέσεις είναι οι πολλαπλασιασμοί από το βήμα 1,  x, είναι το ψηφίο ελέγχου, , 2,  7,  1, 6,  9,  6,  7,  4,  9,  1, 8,  7, x, 67.	
1704685	, Radom i Bar 17671768, dziennik wojennych działań jenerałmajora Piotra Kreczetnikowa w Polsce w r, 1767 i 1768 korpusem dowodzącego i jego wojennopolityczną korespondencyą z księciem Mikołajem Repninem, Poznań 1874, Poland the Confederation of Bar, 17681772	
1727941	The IBM PC s 25 year legacy, CNNcom, IBM PC turns 25, IBM5150 and collection of old digital and analog computers at oldcomputermuseumcom, IBM PC images and information, A brochure from November, 1982 advertising the IBM PC, A Picture of the XT, 370 cards, showing the dual 68000 processors, The History Of The IBM Personal Computer	
1690194	To 1991, η Τοπική Κυβερνητική Επιτροπή των ΗΠΑ, ένας ιδιωτικός, μη κερδοσκοπικός οργανισμός στο Σακραμέντο της Καλιφόρνια, κάλεσε αρχιτέκτονες όπως τον Peter Carthorpe, τον Michael Corbett, Andres Duany, Elizabeth Moule, Elizabeth PlaterZyberk, Στέφανο Πολυζωίδη και τον Daniel Solomon να αναπτύξουν ένα σύνολο αρχών για το καθορισμό των χρήσεων γης.	
1699368	Επίσης ο όρος, rhythm and blues, χρησιμοποιήθηκε από το Billboard για τις λίστες των μουσικών τσαρτς από τον Ιούνιο του 1949 μέχρι τον Αύγουστο του 1969, οπότε και τα, Hot Rhythm, Blues Singles, τσαρτ μετονομάστηκαν σε, Best Selling Soul Singles,.	
1677080	Άλλα κτήρια στην πόλη είναι ο Καθεδρικός Ναός, Cathédrale SaintSauveur de Cayenne,  η δημοτική βιβλιοθήκη, το δημοτικό μουσείο και το μουσείο, Musée des Cultures Guyanais, και το επιστημονικό ερευνητικό ίδρυμα IRD, στο παρελθόν Orstom,.	
1712987	 From EverestK2 Posters, Northern Pakistan, highly detailed placemarks of towns, villages, peaks, glaciers, rivers and minor tributaries in Google Earth, Map of K2, List of ascents to December 2007,  K2, The Killing Peak,  Men s Journal, November 2008 feature, Achille Compagnoni,  Daily Telegraph, obituary, Dr Charles Houston,  Daily Telegraph, obituary, Google Map of the 1954 K2 Mountain Climb Using the associated KML file within the map you can digitally climb the first successful route up K2 in Google Earth.	
1763289	, Ο χάρτης των αντικειμένων Caldwell, , , 1, 10, , ,  11, 20, , ,  21, 30, , ,  31, 40, , ,  41, 50, , ,  51, 60, , ,  61, 70, , ,  71, 80, , ,  81, 90, , ,  91, 100, , ,  101, 109, ,  Κατάλογος αντικειμένων Μεσιέ, Νέος γενικός αστρονομικός κατάλογος, New General Catalogue, NGC,  The Caldwell Catalogue at SEDS, The Caldwell Club	
1747751	Fleuss tested his device in 1879 by spending an hour submerged in a water tank, then one week later by diving to a depth of 55m in open water, upon which occasion he was slightly injured when his assistants abruptly pulled him to the surface.	
1729213	Συχνά, όταν οι Team Umizoomi έχουν κολλήσει και χρειάζεται κάποιο είδος του οχήματος για να τους βοηθήσει, ο Geo θα καταλάβει τι χρειάζεται, παρουσιάζει ένα σχέδιο για το πράγμα που πρέπει να κατασκευαστεί, και στη συνέχεια να αλληλεπιδρά με το παιδί που βλέπει τη σειρά να καταλάβει τι χρειάζονται για να συμπληρώσουν στο blueprint.	
1739446	Στις 20 Δεκεμβρίου 1860 αμέσως μετά τη νίκη του Αβραάμ Λίνκολν στις προεδρικές εκλογές, η Νότια Καρολίνα υιοθέτησε μία θεσμική διάταξη στην οποία ανακήρυξε την απόσχιση της από τις Ηνωμένες Πολιτείες της Αμερικής και τον Φεβρουάριο του 1861 άλλες έξι νότιες πολιτείες είχαν ανακηρύξει αντίστοιχες θεσμικές διατάξεις απόσχισης.	
1724713	Ομοίως για RhD αρνητικούς ανθρώπους, υπάρχει ένας κίνδυνος που σχετίζεται με τα ταξίδια σε μέρη του κόσμου όπου τα αποθέματα RhD αρνητικού αίματος είναι περιορισμένα, ειδικά στην Ανατολική Ασία, όπου οι υπηρεσίες αίματος μπορεί να προσπαθήσουν να ενθαρρύνουν Δυτικούς να δώσουν αίμα.	
1700661	Ενώ ο βασιλιάς είναι αβέβαιος ότι αυτά τα μυστήρια είναι πραγματικά, εκτός από την περίπτωση των ελεφάντων που μεταφέρουν τον κόσμο στην πλάτη μιας χελώνας, υπάρχουν πραγματικά σύγχρονα γεγονότα που έλαβαν χώρα σε διάφορα μέρη κατά τη διάρκεια που ζούσε ο Πόε ή πριν.	
1692408	, Esperanto aktuell,  2002, 6, S 14, 15,  A Caubel,  De A ĝis Z, Pli malpli zigzage pri la PIV, , Sennaciulo, 1969, 6, p5860,  Detlev Blanke,  Recenzo pri Plena Ilustrita Vortaro de Esperanto, , Der esperantist, 1970, 44, p, 46,  IN,  Plena Ilustrita Vortaro, ,  Brita Esperantisto, 764, 1970, p328,  Reto Rossetti,  Paŝo per sepmejla boto, ,  Brita Esperantisto, 768, 1970, p419423,  Fernando De Diego,  Epokfara vortaro, La Plena Ilustrita, ,  Boletin, 45, 181,  1970, p2022,  Gaston Waringhien,  la sortie du premier dictionnaire illustré d, Espéranto, ,  Espéranto Actualités, , Franca Esperantisto, n264 de julokt.	
1740000	Η Κιάρα Φεράνι έχει συνεργαστεί όμως και στο παρελθόν με σχεδιαστές μόδας και έχει παρουσιαστεί δουλειά της με τις εταιρίες, Christian Dior, Louis Vuitton, Max Mara, Chanel, Tommy Hilfiger, Runny Green Booghers, J Brand και Steven for All Mankind.	
1754901	Το πρότυπο InChI για τη μορφίνη είναι InChI, 1S, C17H19NO3, c1187617103513, 20, 16, 17, 211512, 19, 429, 14, 15, 17, 811, 10, 18, h25101113161920H, 68H21H3, t10, 11,  13, 16, 17, m0, s1και το πρότυπο InChIKey για τη μορφίνη είναι BQJCRHHNABKAKUKBQPJGBKSAN, ,  Επιλυτές InChI, , Επειδή το InChI δεν μπορεί να ανακατασκευαστεί από το InChIKey, ένα InChIKey χρειάζεται πάντα να συνδεθεί με το αρχικό InChI για να επιστραφεί η αρχική δομή.	
1685958	The Case of Zanzibar, Tanzania,  Dortmund, 2008, Amazonde, Christopher Gallop,  Letters from East Africa,  UK, Grosvenor House Publishing 2013, ISBN 9781781486283, http, , wwwamazoncouk, dp, 178148628X, , Εξωτερικοί σύνδεσμοι, , Κυβέρνηση της Ζανζιβάρης, Χάρτης, Current and forecast weather for Zanzibar, Government of Zanzibar, President s office	
1679628	Υπήρξε μια διαμάχη σχετικά με την συμμετοχή της Τουρκίας, Η TRT πήρε μια ψεύτικη κριτική επιτροπή η οποία οδήγησε στην νίκη του τραγουδιού, Rimi Rimi Ley, της Gülseren, που η νικήτρια του 2003 Sertab Erener, είπε οτι δεν ήταν η καλύτερη επιλογή.	
1719516	Σε αντίθεση ο Philip Grey έγραψε μια θετική κριτική της ταινίας και συνέστησε έντονα,  Οι Χριστιανοί που βλέπουν τους εαυτούς τους σε φανατικούς, φονικούς μοναχούς της ταινίας και θεωρούν ότι θίγονται, πρέπει να κάνουν κάποια σοβαρή ενδοσκόπηση.	
1735840	Η λατινική περιγραφή του έλεγε,  macula alarum viridi, linea alba supra infraque oculos, , πάπια με πράσινο σημάδι στα φτερά, λευκή γραμμή πάνω και γύρω από τα μάτια,  και η πρωταρχική αναφορά του ήταν η περιγραφή του πτηνού στο προηγούμενο έργο του,  Fauna Svecica,  Σουηδική Πανίδα,  1746,.	
1733609	Τις δεκαετίες του 30 και του 40, όταν η jazz και η swing μουσική έλαβαν δημοτικότητα, πολύ εμπορικοί λευκοί καλλιτέχνες όπως ο Paul Whiteman και ο Benny Goodman έγιναν γνωστοί ως, Ο βασιλιάς της Jazz, και, Ο βασιλιάς του Swing, αντίστοιχα, παρά το γεγονός ότι αυτές οι μουσικές έχουν καταγωγή από τον Αφροαμερικανικό πολιτισμό.	
1705361	Στην πόλη εδρεύει το Ίδρυμα σύγχρονης Τέχνης της Αλσατίας, Fonds régional d art contemporain Alsace, FRAC Alsace,  και το ίδρυμα, Pôle d Archéologie Interdépartemental Rhénan, PAIR,  Αρχαιολογική Διαδιαμερισματική Εστία του Ρήνου, με δραστηριότητα τις αρχαιολογικές έρευνες στην Αλσατία	
1747846	underwater wrestling,  finswimming, freediving, spearfishing, sport diving, underwater football, underwater hockey, underwater ice hockey, underwater orienteering, underwater photography, underwater rugby, underwater target shooting and underwater video.	
1771573	 Evaluation of tanks T34 and KV by workers of the Aberdeen testing grounds of the US, Medium tanks at battlefieldru, T34 and T34, 85 at WWIIvehiclescom, The T3485 in WWII, A Closer Look, detailed examination of T3485 details, Panzerkampfwagen T34, r,  Soviet T34 in German Service at Achtung Panzer.	
1693238	Pope Pius XII often reconsidered previously accepted truth, thus he was first to determine that the use of pain medicine in terminally ill patients is justified, even if this may shorten the life of the patient, as long as life shortening is not the objective itself.	
1732613	Συγκεκριμένα, η μεγαλύτερη εγκατάσταση της Intel είναι στο Χίλσμπορο και περιλαμβάνει τρεις μεγάλες περιοχές, το Ronler Acres, το Jones Farm και το Hawthorn Farm, μαζί με αρκετά μικρότερα σημεία που απασχολούν περίπου 16000 εργαζομένους.	
1775187	 Codex Claromontanus D, 06,  at the Encyclopedia of Textual Criticism, Michael D Marlowe, Bible Research, Codex Claromontanus, Michael D Marlowe, Bible Research, Catalogus Claromontanus, Codex Bezae and Codex Claromontanus, Καινή Διαθήκη	
1675724	Ως συνέπεια της αλληλεπίδρασης μεταξύ της γεωμετρίας και πληρότητας, τα αποτελέσματα του 19ου αιώνα από τον Joseph Fourier, Friedrich Bessel και ο MarcAntoine Parseval για τριγωνομετρικές σειρές μεταφέρεται εύκολα πάνω σε αυτούς τους πιο γενικές χώρους, με αποτέλεσμα σε ένα γεωμετρικό και αναλυτικό εξοπλισμό τώρα συνήθως γνωστό ως το θεώρημα Riesz-Fischer.	
1776175	 Ritterkreuzträger 1939, 1945 Die Inhaber des Ritterkreuzes des Eisernen Kreuzes 1939 von Heer, Luftwaffe, Kriegsmarine, WaffenSS, Volkssturm sowie mit Deutschland verbündeter Streitkräfte nach den Unterlagen des Bundesarchives,  Γερμανικά,.	
1685219	Από το πανεπιστήμιο αποφοίτησε το 1947, με μια διατριβή πάνω στην πολιτική οικονομία και την αποτυχία της βιομηχανικής ανάπτυξης στη νότιο Ιταλία μετά την Ιταλική ενοποίηση,  Il mancato sviluppo industriale del Mezzogiorno dopo l unità e la legge speciale per Napoli del 1904, .	
1749465	, How Estonia is setting the bar for, smart defense,  The Baltic Times, 2012, , The Power of Freedom, Central and Eastern Europe after 1945,  Centre for European Studies, 2009, ISBN 9789949188581,  Stalinism Was Just as Bad as Nazism,  The Wall Street Journal, 2008, , September 1944, Otto Tiefi valitsus,  Varrak, 2007, ISBN 9985313909,  Estonia s Way,  Pegasus, 2006, ISBN 9949425433,  Sinimäed 1944,  Tallinn, 2006, ISBN 9985311175,  Lähiajalugu, gümnaasiumile,  Avita, 2006, ISBN 9985211731,  Estoński cud,  Arwil, 2006, ISBN 8360533008,  The Forgotten War,  Grenader, 2005, ISBN 9949411750,  Der vergessene Krieg,  Grenader, 2005, ISBN 9949411769,  Der rote Terror,  Grenader, 2005, ISBN 9949411823,  Sarkanais terors,  Grenader, 2005, ISBN 9949411785,  Aizmirstais karš,  Grenader, 2005, ISBN 9949411726,  Unohdettu sota,  Grenader, 2005, ISBN 9949411734,  Eestlase raha läbi aegade,  Eesti Ekspressi Kirjastus, 2006, ISBN 9985962567,  Igaunija otraja pasaules kara,  Grenader, 2005, ISBN 9949411904,  Estonia in World War II,  Grenader, 2005, ISBN 9949411939,  Viron lyhyt historia, , Grenader, 2005, ISBN 9949411858,  Streifzug durch die estnische Geschichte,  Grenader, 2005, ISBN 9949411882,  Äratajad,  Tartu, 2005, ISBN 9985858433,  Igaunijas vestures konspektivs parskats,  Grenader, 2005, ISBN 9789949411849,  Linnulennul Eesti ajaloost,  Grenader, 2005, ISBN 9949411831,  Estonia, A Land of Human Dimensions,  Uniprint AS, 2004, ISBN 9949102707,  Emajõgi 1944,  Tallinn, 2005, ISBN 9985311833,  Das estnische Wirtschaftwunder,  Tallinn, 2002, ISBN 9789985620786,  Estonia, Little Country that Could,  London, 2002, ISBN 0948027401,  Eesti uus algus,  Tallinn, 2002, ISBN 9985620798,  Vissza a jövőbe,  Budapest, 2002, ISBN 9639406961,  Back to the future.	
1770716	Η δουλειά αυτή ήταν τόσο σημαντική που η Acorn έκανε τη σχεδιαστική ομάδα ξεχωριστή εταιρεία του 1990, με τίτλο Advanced RISC Machines Ltd, Η Advanced RISC Machines έγινε ARM Ltd όταν η μητρική της εταιρεία, η ARM Holdings plc, μπήκε στο χρηματιστήριο του Λονδίνου και στον δείκτη NASDAQ το 1998.	
1714746	 Βίβιαν Λι ως Κάρεν Στόουν, Λόττε Λένυα ως Κόμισσα, Jill St John as Barbara, Jeremy Spenser as Young man, Stella Bonheur as Mrs JamisonWalker, Peter Dyneley as Lloyd Greener, Carl Jaffe as Baron Waldheim, Harold Kasket as Tailor, Viola Keats as Julia McIlheny, Cleo Laine as Singer, Bessie Love as Bunny, Elspeth March as Mrs Barrow, Henry McCarty as Campbell Kennedy, Warren Mitchell as Giorgio, John Phillips as Tom Stone, Paul Stassino as Stefano, The Barber, Ernest Thesiger as Stefano, Mavis Villiers as Mrs CooganΗ Λότε Λένυα έλαβε υποψηφιότητα για Όσκαρ Β, Γυναικείου Ρόλου για το ρόλο της στην ταινία.	
1678841	 God bless our Solomon Islands from shore to shore, Blessed all our people and all our lands, With your protecting hands, Joy, Peace, Progress and Prosperity, That men shall brothers be, make nations see, our Solomon Islands, our Solomon Islands, Our nation Solomon Islands, Stands forever more.	
1686519	Το μοντέλο EKV Mosfet είναι ένα μαθηματικό μοντέλο των Metal-Oxide Semiconductor τρανζίστορ πεδιακού φαινομένου, Field-Effect Transistors,  το οποίο είναι σχεδιασμένο για την προσομοίωση κυκλωμάτων και την σχεδίαση αναλογικών κυκλωμάτων.	
1707426	 The Evolution of the Unix TimeSharing System, περιγράφει την αρχική ανάπτυξη του κελύφους, Origins of the Bourne shell, σελίδες εγχειριδίου για τις εκδόσεις 3, 4, 5, 6 του κελύφους Τόμσον και άλλες πληροφορίες σχετικά με τα πρώτα κελύφη, Sixth Edition Thompson Shell Port, μεταφορά του κελύφους Τόμσον και των βοηθημάτων του για σύγχρονα συστήματα Unix	
1671820	Το πραγματικό θαύμα στη Χιλή ήταν ότι πόσο καλά τα πήγε οικονομικά, το πραγματικό θαύμα στη Χιλή ήταν ότι μια στρατιωτική δικτατορία ήταν πρόθυμη να παραβεί τις αρχές της και να υποστηρίξει ένα σύστημα ελεύθερης αγοράς σχεδιασμένο από πεπεισμένους υποστηρικτές της ελεύθερης αγοράς.	
1673322	Πολλοί προγραμματιστές έχουν αλλάξει και χρησιμοποιούν μια διαφορετική προσέγγιση, όπως η Ανάπτυξη Συστήματος Κύκλου Ζωής, SDLC,  η οποία είναι μια συστηματική διαδικασία για την ανάπτυξη ενός συστήματος πληροφοριών μέσα από τα στάδια που εμφανίζονται στη σειρά.	
1720290	, Comics 101, column, March 3, 2004, , Secret Agent, Man,  by Scott Tipton, E Favata s Comic Book Movies,  Nick Fury,  ComicBookMoviecom,  Nick Fury,  The Grand Comics Database,  Iron Man, Movie on IMDB, Sneak Peek TV,  Nick Fury,  Nick Fury on the Internet Movie Database, Marvel Comics wiki, Fury, Nick	
1705508	Τα πρώτα μοντέλα Τ1400, 173 GHz, και Τ1500, 186 GHz, διέθεταν συχνότητα διαύλου FSB στα 533 MHz και 512 KB κρυφής μνήμης 2ου επιπέδου, ενώ οι πιο πρόσφατοι Τ1600, 166 GHz, και Τ1700, 183 GHz, διέθεταν συχνότητα διαύλου FSB στα 667 MHz και 1 ΜΒ κρυφής μνήμης 2ου επιπέδου.	
1734252	Σύμφωνα με τον συγγραφέα Jeremy Bernstein,  οι μεταβλητοί αστέρες ήταν αντικείμενο ενδιαφέροντος για χρόνια αλλά όταν ο Pickering ξεκίνησε να μελετά τις φωτογραφικές πλάκες, αμφιβάλλω αν θεωρούσε ότι θα οδηγούνταν σε μια σημαντική ανακάλυψη, τέτοια που βαθμιαία θα άλλαζε την αστρονομία.	
1663168	Το PSP έχει τη δυνατότητα να παίξει παιχνίδια του PlayStation εφόσον τα κατεβάσεις μέσω του διαδικτυακού καταστήματος της Sony καθώς επίσης μπορεί να παίξει κάθε παιχνίδι οποιοδήποτε PlayStation game χρησιμοποιώντας τη λειτουργία απομακρυσμένου ελέγχου του PlayStation 3 ενόσω υπάρχει δίσκος στο PlayStation 3.	
1693303	Shortly prior to, and after the mass, dialectics continued between the Jewish hierarchy and the Vatican as Rabbi Shear Yeshuv Cohen of Haifa addressed the Synod of Bishops and expressed his disappointment towards Pius XII s, silence, during the war.	
1718400	, Προσωπικό, , Madonna, φωνητικά, συνθέτης, executive producer, Justin Timberlake, φωνητικά, πίσω φωνητικά, συνθέτης, executive producer, Timbaland, φωνητικά, συνθέτης, executive producer, drums, bass, Kanye West, φωνητικά, rap,  Pharrell Williams, συνθέτης, πίσω φωνητικά, παραγωγός, Nate, Danja, Hills, παραγωγός, keyboards, Mark, Spike, Stent, audio recording, audio mixing, Andrew Coleman, audio mixing, Anthony Asher, engineering, Marcella, Ms Lago, Araica, recording, Demacio, Demo, Castellon, recording, programming, audio mixing, Julian Vasquez, μηχανικός βοηθός, Vadim Chislov, μηχανικός βοηθός, Graham Archer, μηχανικός βοηθός, Fareed Salamah, μηχανικός βοηθός, Joseph Castellon, senior engineer, Wendy Melvoin, ακουστική κιθάρα, Monte Pittman, ακουστική κιθάρα και μπάσσο, Hannon Lane, keyboards, DJ Remo, audio scratching, Ron Taylor, Protools, Stevie Blacke, strings, Chris Gehringer, audio mastering, Steven Klein, principal photography, Giovanni Blanco, art direction, Guy Oseary, διαχείριση,  Charts και Βραβεία, , , Weekly charts, , ,  Certifications, , ,  Yearend charts, , ,  Singles, .	
1665920	Τα θέρετρα δέχθηκαν σημαντικές εσωτερικές και διεθνείς επενδύσεις στα τέλη της δεκαετίας του 1990 και στις αρχές της πρώτης δεκαετίας του 21ου αιώνα και είναι φιλικά προς το περιβάλλον, ευρισκόμενα αρκετά μακριά από χημικές και άλλες καπνογόνες βιομηχανίες.	
1686058	Στις Ηνωμένες Πολιτείες, στο Τμήμα Πολέμου στην Ουάσιγκτον DC, ο Στρατηγός George Marshall ενημερώνεται ότι τρία από τα τέσσερα αδέλφια της οικογένειας Ράιαν πέθαναν μέσα σε λίγες μέρες και ότι η μητέρα τους θα λάβει και τα τρία τηλεγραφήματα την ίδια ημέρα.	
1773850	Ροές, 2002, , The Black House,  1981, , Mermaids on the Golf Course,  1985, , Tales of Natural and Unnatural Catastrophes,  1987, , Nothing That Meets the Eye, The Uncollected Stories,  2002, εκδοθέν μετά θάνατον, , Plotting and Writing Suspense Fiction,  1966, , Ελληνική έκδοση,  Πώς να Γράψετε Ένα Μυθιστόρημα Αγωνίας, και Δράσης, , εκδ.	
1709424	Στον αθλητισμό, ένα βραβείο MVP,  Most Valuable Player, πολυτιμότερος παίκτης,  αποτελεί τιμή για τις καλύτερες επιδόσεις ενός παίκτη σε μια συγκεκριμένη ομάδα, σε ένα ολόκληρο πρωτάθλημα, ή για ένα συγκεκριμένο διαγωνισμό ή σειρά από διαγωνισμούς.	
1776545	 Enjoy Yourself, Κέννι Γκαμπλ, Λέων Χάφ,  3, 00, Τhink Happy, Κέννι Γκάμπλ, Λέων Χαφ,  3, 07, Good Times, Κέννι Γκάμπλ, Λέων Χαφ,  4, 57, Keep on Dancing, Ντέξτερ Βάνσελ,  4, 31, Blues Away, Μάικλ Τζάκσον,  3, 12, Show You the Way to Go, Κέννι Γκαμπλ, Λέων Χαφ,  5, 30, Living Together, Ντέξτερ Βάνσελ,  4, 26, Strength of One Man, Γκεν ΜακΦάντεν, Τζων Ουάιτχεντ, Βίκτωρ Κάρσταρφεν,  3, 56, Dreamer, Κέννι Γκάμπλ, Λέων Χαφ,  3, 05, Style of Life, Τίτο Τζάκσον, Μάικλ Τζάκσον,  3, 19	
1723130	Στο συγκεκριμένο φεστιβάλ συμμετείχαν 400 DJs, μεταξύ των οποίων και οι Skrillex, Avicii, Skazi, David Guetta, Nervo, Hardwell, Swedish House Mafia, Afrojack, Steve Aoki, Carl Cox, The Bloody Beetroots, Paul van Dyk, Martin Solveig, Chuckie, DJ,  Fatboy Slim και Pendulum, παίζοντας ζωντανή μουσική σε 15 σκηνές κάθε μέρα.	
1689788	Το δικαίωμα αυτό κατοχυρώνεται στο άρθρο 19 του Διεθνούς Συμφώνου για τα Ατομικά και Πολιτικά Δικαιώματα, στο άρθρο 10 της Ευρωπαϊκής Σύμβασης για τα Δικαιώματα του Ανθρώπου, στο άρθρο 13 της Αμερικανικής Σύμβασης για τα Δικαιώματα του Ανθρώπου και στο άρθρο 9 του Αφρικανικού Χάρτη Ανθρωπίνων και Λαϊκών Δικαιωμάτων.	
1668392	Αποδεικτικά στοιχεία για την πρώιμη εμφάνιση των γαλαξιών βρέθηκαν το 2006, όταν ανακαλύφθηκε ότι ο γαλαξίας ΙΟΚ1 έχει μία ασυνήθιστα υψηλή ερυθρή μετατόπιση της τάξης του 696 και άρα αντιστοιχεί σε μόλις 750 εκατομμύρια χρόνια μετά το Big Bang, καθιστώντας τον τον πιο απομακρυσμένο και αρχέγονο γαλαξία που έχουμε δει.	
1695968	Το S, 2004 S 13 έχει περίπου 6 χιλιόμετρα διάμετρο, η τροχιά του από τον Κρόνο έχει μέση απόσταση 18056 Mm και η περιφορά του διαρκεί 905848 ημέρες, έχει κλίση προς την εκλειπτική 167,  143, με τον ισημερινό του Κρόνου,  με ανάδρομη κατεύθυνση και εκκεντρότητα 0261.	
1769763	, ድንቅ የባህል መድረክ ያኩሪ ቅርስ ባለቤት, Denq Yäbahel Mädräk Yä akuri Qers Baläbêt, , የተፈጥሮ ፀጋ የጀግና ህዝብ እናት, Yätäfät ro S ägga Yä jägna Hezb ennat, , እንጠብቅሻለን አለብን አደራ, Ennet äbbeqeshallän Alläbben Adära, , ኢትዮጵያችን ኑሪ እኛም ባንቺ እንኩራ,  Ityopp yachen nuri Eññam Banchi Ennekura.	
1744112	 2008, the show, Две Звезды,  Two Stars,  together with Masha Rasputina, 20102011, the show, Lie Detector,  2012, the Saturday talk show, Сегодня Вечером,  Tonight,  2007,  Нулевой Километр,  Zero Kilometer,  2007,  Индиго,  Indigo,  2007,  Счастливы Вместе,  Happy Together,  2010,  Одна За Всех,  One For All,  2011,  Свадьба По Обмену,  Exchange Wedding, , Eurovision,  Ο Μαλάχοφ παρουσίασε τους ημιτελικούς της Eurovision 2010, που πραγματοποιήθηκε στη Ρωσία με την Ρωσίδα μοντέλο Νατάλια Βοντιάνοβα.	
1776444	Reviewed by Kathryn Bosher, University of Michigan, in Bryn Mawr Classical Review 20051024, Smith, William,  Dictionary of Greek and Roman Biography and Mythology,  1870, article on Epicharmus,  http, , ancientlibrarycom, smithbio, 1137html,  Theocritus,  Idylls and Epigrams,.	
1730572	Για τις πηγές προγραμμάτων σπουδών και βιβλίων, το, Homeschooling στις Ηνωμένες Πολιτείες, το 2003 διαπίστωσε ότι το 78, χρησιμοποίησαν, μια δημόσια βιβλιοθήκη,  το 77, χρησιμοποίησαν, έναν κατάλογο για το homeschooling, έναν εκδότη, ή έναν μεμονωμένο ειδικό,  το 68,  λιανικό βιβλιοπωλείο ή άλλο κατάστημα,  το 60, χρησιμοποίησε, έναν εκδότη εκπαίδευσης που δεν ήταν συνδεδεμένος με το homeschooling,.	
1730977	Τον 19ο αιώνα ιδρύθηκαν διάφορες μαθηματικές εταιρείες όπως, η Μαθηματική Εταιρεία του Λονδίνου το 1865, η Μαθηματική Εταιρεία της Γαλλίας το 1872, το Circolo Matematico di Palermo το 1884, η Μαθηματική Εταιρεία του Εδιμβούργου το 1883, και η Αμερικανική Μαθηματική Εταιρεία 1888.	
1716844	The American theoretical physicist John Archibald Wheeler coined the term, wormhole, in 1957, however, in 1921, the German mathematician Hermann Weyl already had proposed the wormhole theory, in connection with mass analysis of electromagnetic field energy.	
1752097	Κάνοντας χρήση των αντικαταστάσεων formula, 16 και formula, 17, ο ακριβής αριθμός των πραγματικών ριζών στο διάστημα formula, 31 μπορεί να βρεθεί μόνο σε δύο περιπτώσεις,  Αν δεν υπάρχει απώλεια εναλλαγής προσήμου, οπότε δεν υπάρχουν πραγματικές ρίζες στο διάστημα formula, 31.	
1713676	 Article, The Double Bind, The Intimate Tie Between Behaviour and Communication, από Patrice Guillaume, 1995 Paper, Gregory Bateson, Cybernetics and the social behavioral sciences, by Lawrence S Bale, PhD, Αρχικά εκδόθηκε στο,  Cybernetics, Human Knowing, A Journal of Second Order Cybernetics, CyberSemiotics,  Vol.	
1756511	Ο ζήλος της προσπάθειας συγκέντρωσης των επιβατών εξαρτάτο σε πολύ μεγάλο βαθμό από την θέση των επιβατών, οι καμαρότοι της πρώτης θέσης ήταν υπεύθυνοι για μερικές καμπίνες μόνο, while those responsible for the second and thirdclass passengers had to manage large numbers of people.	
1729117	 Ghazarian, Jacob G, The Armenian Kingdom in Cilicia during the Crusades, The Integration of Cilician Armenians with the Latins, 1080, 1393,  RoutledgeCurzon, Taylor, Francis Group,  2000, Abingdon,  Runciman, Steven, A History of the Crusades, Volume I, The First Crusade and the Foundation of the Kingdom of Jerusalem, Cambridge University Press, 1988, Cambridge.	
1723195	Ο Ben Hogwood του MusicOMH επαίνεσε το τραγούδι λέγοντας,  Δεν θα πάρετε πολύ περισσότερες πιασάρικες ωδές για πάρτυ πέρα από το chart topping Just Dance φέτος, ένα γυαλισμένο διαμάντι που θα μείνει στο κεφάλι σας για τις επόμενες εβδομάδες.	
1777741	Ιαπωνικό single, , Monarchy of Roses,  album version,  4, 14UK promo single, , Monarchy of Roses,  album version,  4, 14,  Monarchy of Roses,  radio edit,  3, 43,  Monarchy of Roses,  instrumental,  4, 12European advance promo single, , Monarchy of Roses,  album version,  4, 14,  Monarchy of Roses,  radio edit,  3, 43	
1666730	 shastensis,  Shasta Red Fir, Section, Bracteata,  California coast, ,  Abies bracteata,  Bristlecone Fir, Section, Incertae sedis, ,  Abies milleri, , Extinct, Early EoceneΗ ελάτη είναι δέντρο ύψους 1560 μέτρων, ανάλογα με το είδος, με στενή κόμη, καλό κορμό και λεπτά κλαδιά.	
1730912	Από αυτό το σύστημα προέρχεται η σύγχρονη χρήση των 60 δευτερολέπτων σε ένα λεπτό, 60 λεπτών σε μία ώρα, και 360, 60 x 6, μοιρών σε έναν κύκλο, όπως επίσης και η χρήση των δευτερολέπτων και των λεπτών για να υποδηλωθούν οι υποδιαιρέσεις ενός τόξου.	
1678936	 Σοβιετική Ένωση, Armenak Alaschatschan, Stepas Butautas, Anatoli Konjew, Otar Korkia, Heino Kruus, Ilmar Kullam, Justinas Lagunavičius, Algirdas Lauritėnas, Alexander Moisejew, Juri Oserow, Kazys Petkevičius, Lew Resetnikow, Gunar Silins, Wiktor Wlassow.	
1772582	,  Άλμπουμ, ,  1977,  I Am a Photograph,  1978,  Sweet Revenge,  1979,  Never Trust a Pretty Face,  1980,  Diamonds for Breakfast,  1981,  Incognito,  1982,  Ieri, oggi,  1983,  TamTam,  1985,  A L,  1987,  Secret Passion,  1989,  Super 20,  1989,  Uomini più uomini,  1990,  Tant qu il y aura des hommes,  1993,  Cadavrexquis,  1995,  Alter Ego,  1998,  Back in Your Arms,  2001,  Heart,  2003,  Tendance,  2005,  Paris by Night, Greatest Hits,  2005,  Forever Glam.	
1772738	Com dignidade, enterra a sementeno pó da ilha nuaNo despenhadeiro da vida a esperança édo tamanho do marque nos abraçaSentinela de mares e ventosperseveranteentre estrelase o Atlânticoentoa o cântico da LiberdadeCanta, irmãocanta meu irmãoque a Liberdade é hinoe o Homem a certeza.	
1753036	Η πολιτική για το νερό στην Ευρωπαϊκή Ένωση κωδικοποιείται κυρίως από τρεις οδηγίες,  Οδηγία για την επεξεργασία αστικών υδάτινων αποβλήτων, 91, 271, EEC, της 21 Μαΐου 1991 που αφορά την αποβολή δημοτικών και κάποιων βιομηχανικών υδάτινων αποβλήτων,  Παροχή νερού και υγιεινή στην Ευρωπαϊκή Ένωση, 98, 83, EC, της 3 Νοεμβρίου 1998 που αφορά την ποιότητα του πόσιμου νερού,  Πλαίσιο οδηγίας για το νερό, 2000, 60, EC, της 23 Οκτωβρίου 2000 που αφορά τη διαχείριση των υδάτινων πόρων.	
1760756	Ένα σημαντικό χαρακτηριστικό της φασματοσκοπίας EFNMR συγκρινόμενης με το NMR υψηλού πεδίου είναι ότι κάποιες όψεις της μοριακής δομής μπορούν να παρατηρηθούν πιο καθαρά σε χαμηλά πεδία και χαμηλές συχνότητες, ενώ άλλες όψεις που παρατηρούνται σε υψηλά πεδία δεν είναι παρατηρήσιμες σε χαμηλά πεδία.	
1768993	Οι κατηγορίες αυτές καθορίζονται από τον αριθμό των λέξεων, ως εξής,  Μυθιστόρημα, 40000 λέξεις ή περισσότερο, Νουβέλα, τουλάχιστον 17500 λέξεις αλλά κάτω από 40000 λέξεις, Novelette, τουλάχιστον 7500 λέξεις αλλά κάτω από 17500 λέξεις, Διήγημα, 7500 λέξεις. Ξεκινώντας από το 2009, τα Βραβεία Nebula θα μετακινηθούν σε ένα πρότυπο σύστημα επιλεξιμότητας, σύμφωνα με το ημερολογιακό έτος.	
1774138	 Πρωτάθλημα ποδοσφαίρου ανδρών Βραζιλίας, 1,  1985, Série B, 2,  2007, 2010, Torneio do Povo, 1,  1973, Campeonato Paranaense, 37,  1916, 1927, 1931, 1933, 1935, 1939, 1941, 1942, 1946, 1947, 1951, 1952, 1954, 1956, 1957, 1959, 1960, 1968, 1969, 1971, 1972, 1973, 1974, 1975, 1976, 1978, 1979, 1986, 1989, 1999, 2003, 2004, 2008, 2010, 2011, 2012, 2013, Taça Cidade de Curitiba, Taça Clemente Comandulli, 2,  1976, 1978, Festival Brasileiro de Futebol, 1,  1997, Fita Azul Internacional, 1,  1972, Pierre Colon Trophy, Βισύ, France,  1,  1969, Akwaba Trophy, Africa,  1,  1983, Blog do Torcedor do Coritiba, Official Supporter s Blog, in Portuguese and English,  Coxanautas, in Portuguese,  Império Alviverde, in Portuguese.	
1691947	Ενώ η πολιτεία ήταν όγδοη στην απόδοση εγκατεστημένων συστημάτων αιολικής ενέργειας το 2011, είναι στον πάτο των πολιτειών στην χρήση ανανεώσιμης ενέργειας, με το 94, του ηλεκτρισμού να παράγεται από μη ανανεώσιμες πηγές το 2009, συμπεριλαμβανομένου 25, από τον άνθρακα και 46, από φυσικό αέριο.	
1708609	http, , wwwopenemrorg, ,  Science and engineering, , , , Robotics, , , , Λίστες, ,  Λίστα λογισμικού υγείας ανοικτού κώδικα, Λίστα βιντεοπαιχνιδιών ανοιχτού κώδικα, Λίστα εφαρμογών Android ανοιχτού κώδικα, Κατάλληλη τεχνολογία ανοικτού κώδικα, Opensource economics, Open Source Ecology, Opensource governance, Open Source Initiative, Opensource political campaign, Opensource record label, Opensource religion, Λογισμικό ανοικτού κώδικα, , Other, , , , book,  Collaborative intelligence, Commonsbased peer production, Commercial opensource applications, Community source, Diseconomy of scale, Embrace, extend and extinguish, Free Beer, Free software, Gift economy, Glossary of legal terms in technology, Halloween Documents, Linux, Network effect, Open access, publishing,  Open content, Open data, Open design, Open format, Open implementation, Open innovation, OpenJDK, Open research, Open security, OpenSolaris, Open Source Lab, book,  Comparison of open source and closed source, Open system, computing,  Open standard, OpenDWG, Openness, Shared source, Vendor lockin,  Αναφορές,.	
1667076	Το βιβλίο υποστηρίζει ότι οι πολιτικές του ελεύθερου εμπορίου που πρεσβεύει ο Milton Friedman και η Σχολή Οικονομίας του Πανεπιστημίου του Σικάγο έχουν εφαρμοστεί σε χώρες όπως η Χιλή υπό τον Πινοσέτ, η Πολωνία, η Ρωσία του Γέλτσιν, και οι Ηνωμένες Πολιτείες, για παράδειγμα, ιδιωτικοποίηση των δημόσιων σχολείων της Νέας Ορλεάνης μετά τον τυφώνα Κατρίνα,.	
1765549	Αυτές οι προσεγγίσεις θα αποτύχουν όταν εξετάζονται σχετικά ισχυρά οξέα και βάσεις, το pKa περισσότερο από δυο μονάδες από το 7,  αραιά ή πολύ πυκνά διαλύματα, λιγότερο από 1 mM ή μεγαλύτερα από 1M,  ή πολύ ασύμμετρες αναλογίες οξέος, βάσης, περισσότερο από 100 προς 1,.	
1668437	Όσον αφορά αυτό, ο ορισμός της απόστασης Hausdorff μπορεί να απλοποιηθεί, είναι η μεγαλύτερη από τα δύο τιμές, η μία είναι η supremum, για ένα σημείο που κυμαίνεται πάνω από ένα σύνολο, της απόσταση μεταξύ του σημείου και του συνόλου, και η άλλη τιμή ορίζεται ομοίως, αλλά με τους ρόλους των δύο συνόλων που ανταλλάχθηκαν.	
1762174	 Επίσημη ιστοσελίδα του Μαγιαγουές, Mayaguez, Puerto Rico, Mayaguez 2010 Central American and Caribbean Games, Peter van der Krogt s page about the Columbus monument at Mayagüez s, Plaza de Colón,  Historic Places in Puerto Rico and the Virgin Islands, a National Park Service Discover Our Shared Heritage Travel Itinerary	
1698403	, align, center bgcolor,  F5FAFF, 2013, 29 Απριλίου,  32, 20, , Παγκόσμιο πρωτάθλημα χόκεϊ επί πάγου ανδρών, The Women s Hockey Web, Müller, Stephan, International Ice Hockey Encyclopedia 19042005, BoD GmbH Norderstedt, 2005 ISBN 3833441895	
1739872	Ωστόσο, αν και ορισμένες αρχές που εξάγονται από την κβαντική μηχανική ήταν σε θέση να προβλέψουν ποιοτικά κάποια χημικά χαρακτηριστικά για βιολογικά μόρια, μέχρι το τέλος του 20ου αιώνα, ήταν περισσότερο μια συλλογή κανόνων, παρατηρήσεων και συνταγών παρά αυστηρές ab initio ποσοτικές μέθοδοι.	
1666664	,  Συγκριτικός πίνακας των ειδών Homo, , , Κατάλογος ειδών, , BBC, The Evolution of Man, Illustrations from, Evolution,  textbook,  Smithsonian, Homosapiens, Smithsonian, The Human Origins Program, Becoming Human, Paleoanthropology, Evolution and Human Origins, presented by Arizona State University s Institute of Human Origins	
1761350	II, 1994, p, 557, , Das aschkenasische Rabbinat, Studien über Glaube und Schicksal,  Julius Carlebach, , Die Rolle des Rabbiners in Deutschland heute,  Ahron Daum,  Διπλώματα και πιστοποιήσεις, Έργα του Άρον Ντάουμ στο Amazon	
1758143	 Leiden, 1705, Van der Aa, Pieter, Melite Insula vulgo Malta, Leiden, 1712, Van der Aa, Pieter, Valetta Civitas Nova Maltae olim Millitae, Leiden, 1712, Οι μήτρες στο πανεπιστήμιο του Λέιντεν Catalogus librorum of 1716 in Quaerendo, 22, 1992, p, 271284, ill,  Van der Aa, Pieter, De gronden, afbeeldingen en beschryvingen der aldervoornaamste en aldernieuwste gebouwen uyt alle die door Philippus Vingboons etc, 1715	
1735267	, Πρωτάθλημα ποδοσφαίρου Ρουμανίας, , Νικήτρια, 0, ,  Φιναλίστ, 1,  1924, 25,  Liga II, , Νικήτρια, 8,  1934, 35, 1940, 41, 1960, 61, 1965, 66, 1985, 86, 1988, 89, 1995, 96, 2004, 05,  Φιναλίστ, 3,  193637, 1987, 88, 2003, 04,  Liga III, , Νικήτρια, 1,  2002, 03,  Liga IV, , Νικήτρια, 1,  2010, 11,  Νικήτρια, 1,  1973, 74,  Φιναλίστ, 1,  1971, 72,  Φιναλίστ, 1,  1978, Επίσημη ιστοσελίδα, O viaţă în ALB şi NEGRU.	
1697245	In the mission territories of the Third World, he emphasized the necessity of training native priests to quickly replace the European missionaries, and founded the Pontifical Oriental Institute of Studies and the Coptic College in the Vatican.	
1739721	Παρά τη σημασία του έργου καθόσον περιέχει την πρώτη άποψη οτι τα ατόμα είναι πραγματικές φυσικές οντότητες και την εισαγωγή ενός συστήματος χημικών συμβόλων, στο, Νέο Σύστημα της Χημικής Φιλοσοφίας, αφιέρωσε σχεδόν τόσο χώρο για την θερμιδική θεωρία όσο για τον ατομισμό.	
1708732	Ο πρόεδρος Κλίντον μίλησε στη χώρα τρεις ημέρες μετά τη βομβιστική επίθεση, λέγοντας,  Δεν θέλω τα παιδιά μας να πιστεύουν κάτι τρομερό για τη ζωή και το μέλλον και τους μεγάλους εν γένει, λόγω αυτού του απαίσιου ζητήματος, οι περισσότεροι ενήλικες είναι καλοί άνθρωποι που θέλουν να προστατεύσουν τα παιδιά τους στην παιδική τους ηλικία και πρόκειται να το ξεπεράσουμε,.	
1734760	Καθώς το φυτό του καπνού ήταν άγνωστο στον Παλαιό Κόσμο μέχρι τον 16ο αιώνα, στις πίπες εκτός Αμερικής καπνιζόταν συνήθως χασίς, που όμως τότε ήταν ασυνήθιστη και ακριβή ουσία έξω από τη Μέση Ανατολή, την κεντρική Ασία και την Ινδία, όπου παραγόταν.	
1732057	Το πλουτώνιο αποτελείται από περισσότερο από περίπου 90, Pu239 που ονομάζεται οπλικό πλουτώνιο, το πλουτώνιο από αναλωμένο πυρηνικό καύσιμο από τους εμπορικές αντιδραστήρες ισχύος περιέχει γενικά τουλάχιστον 20, Pu240 και ονομάζεται αντιδραστήρας πλουτωνίου.	
1723068	Ανεπίσημες συζητήσεις με συναδέλφους και φίλους μου μου κέντρισαν το ενδιαφέρον, που ενισχύθηκε από το δυνατό βιβλίο του Φρίντριχ Χάγιεκ, The Road to Serfdom,  με τη συμμετοχή μου στην πρώτη συνεδρίαση της Mont Pelerin Society το 1947, και από συζητήσεις με τον Χάγιεκ αφότου έγινε καθηγητής στο πανεπιστήμιο το 1950.	
1773294	,  Διεθνείς, ,  Κόπα Λιμπερταδόρες, 1, , 2013,  Κόπα ΚΟΝΜΕΜΠΟΛ, 2, , 1992, 1997,  Μπραζιλεϊράου, 1, , 1971,  Καμπεονάτο Μινέιρο, 42, , 1915, 1926, 1927, 1931, 1932, 1936, 1938, 1939, 1941, 1942, 1946, 1947, 1949, 1950, 1952, 1953, 1954, 1955, 1956, 1958, 19601962, 1963, 1970, 1976, 1978, 1979, 1980, 1981, 1982, 1983, 1985, 1986, 1988, 1989, 1991, 1995, 1999, 2000, 2007, 2010, 2012, 2013,  Ατλέτικο Μινέιρο, FIFA.	
1778167	, Δεύτερος γύρος, , , Όμιλος 1, , ,  Όμιλος 2, , ,  Όμιλος 3, , ,  Όμιλος 4, , ,  Όμιλος 5, , ,  Όμιλος 6, , ,  Όμιλος 7, , ,  Όμιλος 8, , Σε όλες τις περιπτώσεις, η πρώτη ομάδα που αναφέρεται για κάθε αγώνα έδωσε το δεύτερο αγώνα εντός έδρας.	
1675246	Η πρώτη σειρά είναι,  1, 13, 0076923,  10, 13, 0769230,  9, 13, 0692307,  12, 13, 0923076,  3, 13, 0230769,  4, 13, 0307692, όπου η ακολουθία των επαναλαμβανόμενων δεκαδικών κάθε κλάσματος είναι μια κυκλική αναδιάταξη του 076923.	
1702393	 Antonio de Nebrija,  Reglas de ortografía, , Κανόνες ορθογραφίας,  1517,  Juan de Valdés,  Diálogo de la Lengua, , Διάλογος επί της γλώσσης,  1535,  Andrés Flórez,  Arte para bien leer y escribir, , Η τέχνη της καλής αναγνώσεως και γραφής,  1552,  Martín Cordero,  La manera de escribir en castellano,  1556,  Cristóbal de Villalón,  Gramática castellana, , Καστιλιάνικη γραμματική,  1558,  Gonzalo Correas,  Ortografía castellana, , Καστιλιάνικη ορθογραφία,  1630,  Βασιλική Ισπανική Ακαδημία,  Gramática de la lengua española, , Γραμματική της ισπανικής γλώσσας,  1771,  Το κείμενο από την, Asociación Cultural Antonio de Nebrija.	
1692988	Λίγο καιρό αργότερα, το ίδιο έτος, ονομάζεται, Διευθυντής του Κεντρικού Γραφείου Τεχνικών Υπηρεσιών της Διοίκησης του Ράιχ,  Leiter des Hauptamts für Technik in der Reichsleitung der NSDAP, και, Γενικός Επίτροπος για την διαχείριση της κατασκευαστικής βιομηχανίας,  Generalbevollmächtigter für die Regelung der Bauwirtschaft,.	
1698751	Ο Ντομπζάνσκι μελέτησε τη γενετική ποικιλομορφία σε άγριους πληθυσμούς και έδειξε ότι εν αντιθέσει με τις υποθέσεις των γενετιστών πληθυσμών, αυτοί οι πληθυσμοί είχαν μεγάλα ποσά γενετικής ποικιλομορφίας, με χαρακτηριστικές διαφορές μεταξύ των υποπληθυσμών.	
1776036	, Ομάδα 2009, ,  GK, Mark Grima, Victoria Hotspurs,  GK, Paul Galea, Sannat Lions, Mark Formosa, Sannat Lions, Josmar Vella, Xewkija Tigers, Mario Azzopardi, Zebbug Rovers, Brian Meilak, Ghajnsielem, Elton Vella, Sannat Lions, Mark Camilleri Xewkija Tigers, Milos Stojanovic, Kercem Ajax, John Camilleri, Xaghra United, Christian Bugeja, Xewkija Tigers, Rodney Buttigieg, Xewkija Tigers, Joseph Cefai, Xewkija Tigers, Mark Buttigieg, Victoria Wanderers, Daniel Farrugia, Victoria Hotspurs, Mark Muscat, Sannat Lions, Alex Tramboo, Zebbug Rovers, Benneth Njoku, Sannat Lions	
1688380	Βρίσκονταν στα πρόθυρα να υπογράψουν συμφωνία με το στούντιο του Ρότζερ Κόρμαν όταν ένας φίλος προσφέρθηκε να τους βρει μια καλύτερη συμφωνία και παρέδωσε το σενάριο στους Γουόλτερ Χιλ, Ντέιβιντ Γκίλερ και Γκόρντον Κάρολ, οι οποίοι είχαν φτιάξει μια εταιρία παραγωγής, τη Brandywine, συνδεδεμένη με τη 20th Century Fox.	
1692104	Η μεγάλη πλειοψηφία αυτής της κυβερνητικής γης διοικείται από το Γραφείο Διαχείρισης Γης και την Υπηρεσία Δασών των ΗΠΑ σε πολυάριθμα Εθνικά Δάση, ένα Εθνικό Λιβάδι, και έναν αριθμό τεράστιων θερισμένων λωριδών δημόσιας γης, επιπρόσθετα τη Βάση Air Force FE	
1774833	 1988, La musica del mondo, 1989, Inventario latino, 1992, Il dorso della balena, 1994, 10 Belle canzoni d amore, raccolta,  1995, Una vita in musica, raccolta, Pagine, 1996, Johnny Bassotto e i suoi amici, 2001, Omaggio alla città di Genova, 2003, Il manuale del piccolo esploratore, 2003, Nostaljazz, Επίσημος ιστότοπος	
1664851	,  America s Alternative Religions, State University of New York Press, 1995,  Lucas, Phillip Charles,  The Eleventh Commandment Fellowship, A New Religious Movement Confronts the Ecological Crisis,  Journal of Contemporary Religion 10, 3, 1995, 22941,  Lucas, Phillip Charles,  Social factors in the Failure of New Religious Movements, A Case Study Using Stark s Success Model, SYZYGY, Journal of Alternative Religion and Culture 1, 1, Winter 1992, 3953, Melton, Gordon J,  Brainwashing and the Cults, The Rise and Fall of a Theory,  1999.	
1722227	1ΧΑϊβαλιώτης2ΧΚουτσιαλής3Κυριακάκης4ΜΒουλγαράκης5Κόχειλας6Καρούντζος7Θαλασσινός8Μπιλάλης9Τσαχειλίδης10Αργυρόπουλος11Τζώρτζης12Βουνισέας13Ξανθόπουλος14Μπεριστιάνος15ΠΤζωρτζάτος, 38 Πρωταθλήματα Ελλάδος Ανδρών, , 1926, 1931, 1948, 1953, 1954, 1955, 1956, 1957, 1958, 1959, 1960, 1961, 1962, 1963, 1964, 1965, 1966, 1967, 1968, 1969, 1970, 1972, 1973, 1974, 1975, 1976, 1977, 1978, 1979, 1980, 1981, 1982, 1983, 1984, 1985, 1988, 1994, 2006, 12 Κύπελλα Ελλάδας Ανδρών, , 1953, 1954, 1955, 1956, 1957, 1958, 1984, 1985, 1988, 1991, 2000, 2005.	
1700116	Αυτό το γράμμα δημοσιεύτηκε αργότερα δύο φορές, το πρωτότυπο στα γαλλικά στα Memoirs της Ακαδημίας του Βερολίνου το 1782 και ένα δεύτερο μεταφρασμένο στα γερμανικά και κάπως διασκευασμένο από τον Γιόχαν Μπόντε στο Berliner Astronomisches Jahrbuch το 1786.	
1729667	Σε πολλές περιπτώσεις, μια τέτοια επιλογή μπορεί να γίνει χωρίς να επικαλείται το αξίωμα της επιλογής, αυτό ισχύει ιδίως στην περίπτωση που ο αριθμός των δοχείων είναι πεπερασμένος, ή αν ο κανόνας επιλογής είναι διαθέσιμος, μια ιδιαίτερη ιδιότητα που τυχαίνει είναι να κρατήσεις ένα αντικείμενο σε κάθε δοχείο.	
1745034	Η απογευματινή εκπομπή της Liz Green αναμεταδίδεται και από τους σταθμούς BBC Radio Sheffield και BBC Radio York από το δεύτερο εξάμηνο του 2011, ως μέρος των πειραματικών καθημερινών αναμεταδόσεων των ραδιοφωνικών σταθμών του BBC Local Radio.	
1759634	Το αριστερό μέλος της εξίσωσης ονομάζεται συναρτησιακή παράγωγος της και συμβολίζεται μεΣε γενικές γραμμές αυτό δίνει μία δεύτερης τάξης συνήθη διαφορική εξίσωση η οποία μπορεί να λυθεί για να πάρουμε την ακρότατη συνάρτηση Η εξίσωση των Euler, Lagrange είναι αναγκαία, αλλά όχι ικανή συνθήκη για να είναι το ακρότατο.	
1748133	Το 2007, με πρωτοβουλία του Επιτρόπου Louis Michel, η Ευρωπαϊκή Επιτροπή υιοθέτησε μια, Ευρωπαϊκή Κοινή Αντίληψη για την Ανθρωπιστική Βοήθεια,  ώστε να συνταχθεί το πρώτο Ευρωπαϊκό πολιτικό κείμενο αναφοράς για την ανθρωπιστική βοήθεια.	
1723350	Ο λόγος ήταν ότι η συγκεκριμένη αρχιτεκτονική ήταν απόγονος της μικροαρχιτεκτονικής P6, προγόνου της μικροαρχιτεκτονικής Netburst με την οποία κατασκευάζονταν οι Pentium 4 και οι προκάτοχοί του Pentium Pro, Pentium III και Celeron, βασισμένοι στους πυρήνες Covington, Mendocino, Coppermine και Tualatin,  όπως και οι σειρές Pentium ΙΙ Xeon και Pentium III Xeon.	
1674094	Για παράδειγμα, ο μέσος συνοδικός μήνας που χρησιμοποιείται τόσο από τους Βαβυλωνιακούς όσο και τους Ελληνιστικούς αστρονόμους και εξακολουθεί να χρησιμοποιείται στο εβραϊκό ημερολόγιο είναι 29, 3150820 ημέρες, και η γωνία που χρησιμοποιείται στο παραπάνω παράδειγμα θα μπορούσε να γραφτεί ως 10, 2559, 233112 βαθμούς.	
1778198	 Gino Castaldo,  Dizionario della canzone italiana,  Armando Curcio Editore, 1990, Vittorio Paliotti,  Storia della canzone napoletana, i primi canti popolari, le antiche villanelle, le melodie celebri in tutto il mondo, , Newton Compton, 1992.	
1741150	Σπούδασε στην, Νορβηγική Εθνική Ακαδημία Χειροτεχνίας και Τέχνης, μαζί με τον Τόρνμπγιορν Αλβσόκερ,  Νορβηγικά, Torbjørn Alvsåker,  από το 1946 μέχρι το 1948 και στην, Νορβηγική Εθνική Ακαδημία Καλών Τεχνών, υπό τον γλύπτη Περ Πάλλε Στόρμ,  Νορβηγικά, Per Palle Storm,  από το 1948 μέχρι το 1951.	
1774354	7, single, 1987, , Fight Like a Brave, Album, ,  Fire, 12, single, 1987, , Fight Like a Brave, Not Our Mix, ,  Fight Like a Brave, Boner Beats Mix, ,  Fight Like a Brave, Mofo Mix, ,  Fire, 12, Pic Disc, 12, Promo, 1987, , Fight Like a Brave, Mofo Mix, ,  Fight Like a Brave, Knucklehead Mix, ,  Fire.	
1762579	For instance, generators equally spaced around the equator of a sphere, together with another pair of generators through the poles of the sphere, form zonohedra in the form of prism over regular 2kgons, the cube, hexagonal prism, octagonal prism, decagonal prism, dodecagonal prism, etc.	
1670315	Το 1977 ιδρύθηκε η Liseat, η εταιρεία χρηματοδοτικής μίσθωσης της SEAT, και το 1979 ανεγέρθη το εργοστάσιο του Gearbox del Prat ως εξειδικευμένη μονάδα παραγωγής κιβωτίων και μηχανισμών ταχυτήτων αλλά και διαφορικών στην περιοχή του El Prat del Llobregat κοντά στη Βαρκελώνη.	
1708201	 Σουητώνιος,  Life of Claudius,  Tacitus on the second half of Claudius, reign, book 11,  Tacitus on Claudius, last years, book 12,  Cassius Dio s account of Claudius, reign, part I,  Cassius Dio s account, part II,  The works of Josephus,  The Apocolocyntosis of the Divine Claudius,  Claudius, Letter to the Alexandrians,  Lyons tablet, , Extract from first half of the Lyons Tablet, , Second half of the Lyons Tablet, , Tacitus, version of the Lyons Tablet speech, Biography from De Imperatoribus Romanis, Claudius Page, Claudius I at BBC History	
1755725	, Incomplete,  Gurewitz,  2, 28,  Leave Mine to Me,  Graffin,  2, 07,  Stranger Than Fiction,  Gurewitz,  2, 20,  Tiny Voices,  Graffin,  2, 36,  The Handshake,  Graffin,  2, 50,  Better Off Dead,  Gurewitz,  2, 39,  Infected,  Gurewitz,  4, 08,  Television,  Gurewitz, Johnette Napolitano,  2, 03,  Individual,  Graffin,  1, 58,  Hooray for Me, , Gurewitz,  2, 50,  Slumber,  Graffin,  2, 39,  Marked,  Gurewitz,  1, 48,  Inner Logic,  Graffin,  2, 58,  What it is,  Graffin,  2, 08,  21st Century, Digital Boy, , Gurewitz,  2, 47,  News from the Front,  Gurewitz, Bentley, Schayer,  2, 22, επιπλέον κομμάτι σε Ευρώπη, Βραζιλία και Ιαπωνία, , Markovian Process,  Graffin,  1, 29, επιπλέον κομμάτι σε Ευρώπη, Βραζιλία και Ιαπωνία, , Leaders and Followers,  Graffin,  2, 40, επιπλέον κομμάτι στην Ιαπωνία, ,  Bsides, , , Mediocrity,  Graffin,  2, 45,  Συντελεστές, , Greg Graffin, φωνή, Greg Hetson, κιθάρα, Brett Gurewitz, κιθάρα, φωνητικά, Jay Bentley, μπάσο, φωνητικά, Bobby Schayer, ντραμς, κρουστά, Tim Armstrong, φωνή στο, Television,  Jim Lindberg, φωνητικά στο, Marked,  Wayne Kramer, κιθάρα στο, Incomplete,  Andy Wallace, παραγωγή, Norman Moore, καλλιτεχνική διεύθυνση	
1688420	Η Ολλανδία έχει τον υψηλότερο μέσο όρο των καταγεγραμμένων σιφώνων ανά περιοχή από κάθε άλλη χώρα, με πάνω από 20 σίφωνες ανά έτος, δηλαδή 00013 ανά τετραγωνικό μίλι, 000048 ανά τετραγωνικό χιλιόμετρο ετησίως, και ακολουθεί το Ηνωμένο Βασίλειο, με κατά μέσο όρο 33 σίφωνες ή 000035 ανά τετραγωνικό μίλι, 000013 ανά τετραγωνικό χιλιόμετρο ετησίως.	
1716817	Όπως ο οποιοσδήποτε που έχει χρησιμοποιήσει ένα τηλέφωνο, σταθερό ή κινητό, ξέρει, ωστόσο, ότι τέτοια κανάλια συχνά αποτυγχάνουν να παράγουν ακριβή ανακατασκευή ενός σήματος, θόρυβο, περιόδους σιγής και άλλες μορφές φθοράς σήματος συχνά μειώνουν την ποιότητα.	
1742479	Η Θεωρία της υπολογισιμότητας είναι λιγότερο καλά αναπτυγμένη για αναλογικό υπολογισμό που εμφανίζεται σε αναλογικούς υπολογιστές, αναλογική επεξεργασία σήματος, αναλογικά ηλεκτρονικά, νευρωνικά δίκτυα και συνεχούς χρόνου θεωρία ελέγχου διαμορφωμένη από διαφορικές εξισώσεις και συνεχή δυναμικά συστήματα, Orponen 1997, Moore 1996,.	
1778505	II, 1994, p, 557, , Das aschkenasische Rabbinat, Studien über Glaube und Schicksal,  Julius Carlebach, , Die Rolle des Rabbiners in Deutschland heute,  Ahron Daum,  Διπλώματα και πιστοποιήσεις, Έργα του Άρον Ντάουμ στο Amazon	
1774932	 Jeff Loomis, Biography, Jeff Loomis Official Site, Jeff Loomis, Discography, Jeff Loomis Official Site, Jeff Loomis, Biography, Metal Storm, Jeff Loomis, Encyclopaedia Metallum, The Metal Archives, Jeff Loomis Official Site, Jeff Loomis, Facebook, Jeff Loomis, jeff, loomis, on Twitter	
1723578	Quest για την Ελευθερία, Οι Ηνωμένες Πολιτείες και η ανεξαρτησία της Ινδίας, Columbia University Press, 1995, σε απευθείας σύνδεση έκδοση, Greenough, Paul R, πολιτική κινητοποίηση και τον υπόγειο Λογοτεχνία του Κινήματος Εγκαταλείψτε την Ινδία, 194244,  Σύγχρονων Ασιατικών Σπουδών,  1983, 17, 3 σσ.	
1773980	Πρωταγωνιστεί στις σειρές,  Lola Calamidades, 2009, ως Lola, Un Gancho al Corazon, 2008, 09, ως Valentina Lopéz, La Traición, 2008, ως Soledad de Obregón, Decisiones, 2007, ως Francisca, Corazón Partido, 2006, ως Aura Echarri, Αλεχάντρο και Ντιάνα, Te voy a enseñar a querer,  2004, ως Diana Rivera, Κρυφά πάθη, Pasión de gavilanes,  2003, ως Norma Elizondo Acevedo de Escandón, La revancha, 2000, ως Soledad Santander, Mariana Ruiz, Háblame de amor, 1999, ως Julia, Jimena, Μοιραίο Πάθος, Perro Amor,  1998, ως Sofía Santana, Al norte del corazón, 1997, ως Eloísa, El día es hoy, 1996,  Victoria, 1995, ως Victoria, Café con aroma de mujer, 1994, ως Marcela Vallejo Cortez, Danna García, Επίσημη Ιστοσελίδα, Danna García στο IMDb	
1680639	Το Bloch MB150 ήταν ένα Γαλλικό χαμηλοπτέρυγο, ολομεταλλικό καταδιωκτικό μονοπλάνο, με ανασυρώμενο σύστημα προσγείωσης και κλειστό πιλοτήριο, που αναπτύχθηκε από την, Société des Avions Marcel Bloch, σαν υποψήφιο για το διαγωνισμό του Γαλλικού Υπουργείου Αέρος του 1934, για ένα νέο σχέδιο καταδιωκτικού.	
1756162	για να συμμετέχει στο Disney s Friends for Change Games με την κίτρινη ομάδα για να βοηθήσει την οργάνωση UNICEF, αντιπροσωπεί το Μεξικό στο βίντεοκλίπ της Bridgit Mendler, We Can Change the World, του προγράμματος Disney s Friends for Change.	
1699165	 bgcolor, , CCCCCC, , style,  background,  efefef, color, black, , Ημέρα 2,  13022010,  13, 00,  14, 10,  75 km σπριντ γυναικών, style,  background,  efefef, color, black, , Ημέρα 3,  14022010,  11, 15,  12, 25,  10 km σπριντ ανδρών, style,  background,  efefef, color, black,  rowspan, 2, Ημέρα 5,  rowspan, 2, 16022010,  10, 30,  11, 10,  10 km πουρσουίτ γυναικών, style,  background,  efefef, color, black, , 12, 45,  13, 25,  125 km πουρσουίτ ανδρών, style,  background,  efefef, color, black,  rowspan, 2, Ημέρα 7,  rowspan, 2, 18022010,  10, 00,  11, 40,  15 km ατομικό γυναικών, style,  background,  efefef, color, black, , 13, 00,  14, 35,  20 km ατομικό ανδρών, style,  background,  efefef, color, black,  rowspan, 2, Ημέρα 10,  rowspan, 2, 21022010,  10, 45,  11, 25,  15 km Μαζική εκκίνηση ανδρών, style,  background,  efefef, color, black, , 13, 00,  13, 45,  125 km Μαζική εκκίνηση γυναικών, style,  background,  efefef, color, black, , Ημέρα 12,  23022010,  11, 30,  12, 40,  4 x 6 km σκυταλοδρομία γυναικών, style,  background,  efefef, color, black, , Ημέρα 15,  26022010,  11, 30,  12, 40,  4 x 75 km σκυταλοδρομία ανδρών, , Ποσοστώσεις αθλητών και αθλητριών, , Συμμετέχουν 220 αθλητές, 113 άνδρες, 107 γυναίκες, Μία Εθνική Ολυμπιακή Επιτροπή μπορεί να δηλώσει για συμμετοχή ως και 12 αθλητές, 6 άνδρες και 6 γυναίκες, και όχι περισσότερους από 4 αθλητές ανά αγώνισμα.	
1778091	Andy Taylor,  The Underdog,  2011, Dimitri Vegas, Like Mike, Yves V, Angger Dimas,  Madagascar,  2011, Dimitri Vegas, Like Mike,  Dope Demand,  2011, Dimitri Vegas, Like Mike,  Generation X, Records, 2011, Afrojack, Dimitri Vegas, Like Mike and NERVO,  The Way We See the World, Recordings, 2011, Dimitri Vegas, Like Mike,  Rej, the House, 2011, Dimitri Vegas, Like Mike,  Stomp, Mak, 2011, Robbie Rivera, Dimitri Vegas, Like Mike feat.	
1766468	 1523, , Triptyque avec l, Histoire de la Sainte Croix,  Φυρν, Niklasskerk,  Les Sept Joies de NotreDame,  Τουρναί, cathédrale NotreDame, πιθανόν σε συνεργασία με τον Πιέρ Πουρμπύς Pierre Pourbus, , Martyre d, un saint,  Νέα Υόρκη, ιδιωτική συλλογή, 1548 ή 1558, , Le Calvaire,  Νάντη, Μουσείο Καλών Τεχνών,  Vierge à l, Enfant avec saint Luc et saint Éloi,  Μπρυζ, SintSalvatorskathedraal, 1545, , Saint Luc peignant la Vierge,  Μπρυζ, Groeningemuseum, 1545, , Le Bon Samaritain,  Μπρυζ, SintJanshospitaal, WHJ	
1669457	Οι σχεδιαστές είναι οι εξής, αναφέρονται με τη σειρά αξίας των κερμάτων, από το 1 σεντ ως το κέρμα των 2 ευρώ,  Eugenio Driutti, Luciana De Simoni, Ettore Lorenzo Frapiccini, Claudia Momoni, Maria Angela Cassol, Roberto Mauri, Laura Cretara και Maria Carmela Colaneri.	
1680908	Το Macchi C200 Saetta, ο κεραυνός του Δία, υπήρξε ένα καταδιωκτικό του Β, Παγκοσμίου Πολέμου, που κατασκευάστηκε στην Ιταλία, από την Aeronautica Macchi και χρησιμοποιήθηκε με πολλούς τρόπους και σε διάφορα θέατρα του πολέμου από την Ιταλική Βασιλική Αεροπορία, Regia Aeronautica,.	
1751126	Παρότι η Γερμανική μειονότητα του Σίμπιου είχε μειωθεί στο 16,  ο Γιοχάνις εκλέχθηκε με το 6918, των ψήφων και επανεξελέγη 3 φορές στην σειρά, με τα μεγαλύτερα εκλογικά ποσοστά της χώρας, 887, των ψήφων το 2004, και 874, το 2008.	
1743978	, Herbarium aliarumque stirpium in insula Luzone Pilippinarum primaria nascentium Syllabus, ή, Overview of plants and shrubs growing on Luzon, εκδόθηκε το 1697-1698 και έγινε γνωστό για την πρώτη περιγραφή της φιλιππινέζικης χλωρίδας που έγινε ποτέ.	
1699884	Η κοινή ονοματολογία των εδαφικών στατιστικών μονάδων, γαλλικά,  Nomenclature des Unités Territoriales Statistiques,  αγγλικά,  Nomenclature of Territorial Units for Statistics,  είναι κωδικοί είναι γεωκωδική τυποποίηση για την αναφορά των υποδιαιρέσεων των χωρών, που χρησιμοποιεί η Ευρωπαϊκή Ένωση για στατιστικούς λόγους.	
1689731	Πέραν αυτών επιπρόσθετα έργα και έγγραφα που δωρήθηκαν και δανειοδοτήθηκαν από την οικογένεια και το Ίδρυμα Πάουλ Κλέε και επιπλέον 200 δάνεια από ιδιωτικές συλλογές συνέβαλαν στο να δημιουργηθεί μια μεγάλη συλλογή των έργων του καλλιτέχνη.	
1731492	Το 1994 ήταν ανώτερος ερευνητής στο Κέντρο Έρευνας στρατηγικών και τεχνολογιών, Centre de recherche sur les stratégies et les technologies, CREST,  στην Πολυτεχνική Σχολή, l École polytechnique, του Παλεσό, Γαλλία,  το 1997 γίνεται επιστημονικός διευθυντής του Ιδρύματος στρατηγικής έρευνας, Fondation pour la recherche stratégique, και το 2001 ίδρυσε το Ίδρυμα Διπλωματία και Άμυνα, που το 2003 μετεξελίχθηκε στο Γαλλικό Ινστιτούτο Στρατηγικής Ανάλυσης, Institut français d analyse stratéguiqe, IFAS,  του οποίου είναι διευθυντής.	
1736758	 Campeonato Brasileiro Série B, 2,  1986, 1988, Campeonato Paulista, 1,  1986, Campeonato Paulista Série A2, 3,  1978, 1996, 2004, Campeonato Paulista Série A3, 1,  1966, Campeonato Paulista Sub20, 1,  2003, Taça Belo Horizonte de Juniores, 1,  1990, Official Site, Internacional at Arquivo de Clubes, Internacional at Futebol Interior	
1683786	Όταν οι σημαίες επιστρέψουν πίσω στη γη, μια από αυτές θα τοποθετηθεί στη διεθνή πίστα αγώνων Daytona στη Φλόριντα, η δεύτερη θα απονεμηθεί στο νικητή των αγώνων Daytona 500 του 2008, ενώ την τρίτη σημαία θα την χρησιμοποιήσει η NASA κατά τις γιορταστικές εκδηλώσεις της επετείου της.	
1740469	 Outlines of the Doctrine of Knowledge, The North American Fichte Society, Works by Fichte, original German texts, Internationale JohannGottliebFichteGesellschaft, KULTUR, KONGRESSWERKfichte, Eventlocation in Magdeburg, named after JohannGottlieb Fichte, A Case Study in, Ad Hominem, Arguments, Fichte s, Science of Knowledge,  Timeline of German Philosophers, , Οnline έργα, , , Addresses to the German Nation,  1922,.	
1685596	Το πρόσωπο της χρονιάς είναι το ετήσιο τεύχος του αμερικανικού ειδησεογραφικού περιοδικού, Τάιμ, που περιλαμβάνει το προφίλ ενός άνδρα, μιας γυναίκας ή ζευγαριού, ομάδας, ιδέας, τόπου ή μηχανής, το οποίο,  για καλό ή για κακό,  επηρέασε στο μεγαλύτερο βαθμό τις εξελίξεις την απερχόμενη χρονιά,.	
1721843	 URIs, ειδικά από τα dereferenceable variety,  HTTP, Resource Description Framework, RDF,  Serialization formats, RDFa, RDF, XML, N3, Turtle, και άλλα, , Linking opendata community project,  Ο στόχος του W3C Semantic Web Education and Outreach ομάδας Linking Open Data community project είναι να επεκταθεί ο Ιστός με κοινά στοιχεία δημοσιεύοντας διάφορα σύνολα δεδομένων ως RDF στον Ιστό και θέτοντας RDF συνδέσεις μεταξύ των δεδομένων από διαφορετικές πηγές.	
1769424	 Code and Other Laws of Cyberspace, 2000, ISBN 9780465039135, The Future of Ideas, 2001, ISBN 9780375505782, Free Culture, 2004, ISBN 9781594200069, Code, Version 20, 2006, ISBN 9780465039142, Remix, Making Art and Commerce Thrive in the Hybrid Economy, 2008, ISBN 9781594201721, Republic, Lost, How Money Corrupts Congress, and a Plan to Stop It, 2011, ISBN 9780446576437, One Way Forward, The Outsider s Guide to Fixing the Republic, 2012, ISBN 9781614520238, Lesterland, The Corruption of Congress and How to End It, 2013, CCBYNC, ISBN 9781937382346, Προσωπικό ιστολόγιο, Ομιλία στο TED, Εμείς οι άνθρωποι και η δημοκρατία που πρέπει να επανακτήσουμε	
1698412	Παρόλο που η έννοια της, βιολογίας, ως ένα ενιαίο συνεκτικό πεδίο αναπτύχθηκε το 19ο αιώνα, οι βιολογικές επιστήμες προέκυψαν από τις ιατρικές παραδόσεις και τη φυσική ιστορία που φτάνουν έως την αρχαία αιγυπτιακή ιατρική και τα έργα του Αριστοτέλη και του Γαληνού στον αρχαίο ελληνορωμαϊκό κόσμο.	
1662869	Αντλώντας επιπλέον την αναλογία με γεωμετρικά νευτώνεια βαρύτητα, είναι φυσικό να υποθέσουμε ότι η εξίσωση πεδίου για τη βαρύτητα σχετίζεται με τον τανυστή Ricci, ο οποίος περιγράφει μια συγκεκριμένη κατηγορία παλιρροιακών φαινομένων, τη μεταβολή του όγκου για ένα μικρό σύννεφο των σωματιδίων που είναι αρχικά σε κατάσταση ηρεμίας, και στη συνέχεια πέφτουν ελεύθερα.	
1699016	 The Sarah Bernhardt Pages, Find a Grave, Project Gutenberg, Internet Broadway Database, Performances in Theatre Archive University of Bristol, Internet Movie Database, All Music, Sarah Bernhardt cylinder recordings, Cylinder Preservation and Digitization Project, Library of University of California, Santa Barbara.	
1708693	Ο Πόλεμος Ιράν-Ιράκ, ήταν ένοπλη σύγκρουση ανάμεσα στις στρατιωτικές δυνάμεις του Ιράν και του Ιράκ, με διάρκεια από το Σεπτέμβρη του 1980 ως τον Αύγουστο του 1988, χρονικό διάστημα που του έδωσε το θλιβερό προνόμιο του μεγαλύτερου σε διάρκεια συμβατικού πολέμου του 20ου αιώνα.	
1725740	 Arlene Croce, The Fred Astaire and Ginger Rogers Book, Galahad Books 1974, ISBN 0883650991, Jocelyn Faris, Ginger Rogers, a BioBibliography, Greenwood Press, Connecticut, 1994, ISBN 0313291772, Hannah Hyam, Fred and Ginger, The AstaireRogers Partnership 1934, 1938, Pen Press Publications, Brighton, 2007.	
1722269	, Elizabeth Johnston Lipscomb, Frances E Webb Peter J Conn, eds, , The Several Worlds of Pearl S Buck, Essays Presented at a Centennial Symposium, RandolphMacon Woman s College, March 26, 28, 1992,  Westport, CT, Greenwood Press, 1994.	
1750662	Χρησιμοποιεί ως παράδειγμα τη Σουηδία, της οποίας η κυβέρνηση την περίοδο εκείνη έλεγχε το 63, του ΑΕΠ της χώρας, για να υποστηρίξει το επιχείρημά του ότι το βασικό πρόβλημα με το, Δρόμο προς τη Δουλεία, είναι, ότι έκανε προβλέψεις που αποδείχτηκαν λανθασμένες.	
1744777	η θεωρητική του έρευνα πάνω στην ανισότητα έδωσε μία εξήγηση για τον λόγο υπάρξεως περισσότερων ανδρών παρά γυναικών στην Ινδία και στην Κίνα, ενώ αντιθέτως στη Δύση και σε φτωχές αλλά, ιατρικώς αμερόληπτες, χώρες, οι γυναίκες έχουν χαμηλότερες θνησιμότητες σε όλες τις ηλικίες, ζουν περισσότερο και συνιστούν την ελαφρά πλειοψηφία του πληθυσμού.	
1725095	Η διαφημιστική εκστρατεία του Super Cub στις ΗΠΑ,  Συναντάς τους καλύτερους ανθρώπους πάνω σε ένα Honda, είχε μια διαρκή επίδραση στην εικόνα της Honda και στην αμερικανική στάση για τις μοτοσικλέτες και θεωρείται μια κλασική περίπτωση μελέτης στο μάρκετινγκ.	
1700293	 1966, Galerie des Jeunes, Παρίσι, Galerie de la Barbière, Le Barroux, 1970, Galerie 3, 2, Παρίσι, 1973, Musée d Art Moderne de la Ville de Παρίσι, 1974, Galerie Daniel Gervis, Παρίσι, 1975, Galerie Beaubourg, Παρίσι, 1976, Bucholz Galerie, Μοόνχο, 1977, 1980, Galerie Isy Brachot, Βρυξέλλες, 1978, 1981, 1983, Galerie Isy Brachot, Παρίσι, 1979, FIAC, Galerie Isy Brachot, Παρίσι, 1981, Galerie Isy Brachot, Βασιλεία, 1982, Amaury Taitinger Gallery, Νέα Υόρκη, 1984, FIAC, Galerie Isy Brachot, Παρίσι, 1986, Galerie LavignesBastille, Παρίσι, Galerie de Bellecour, Λυών, 1987, LavignesBastille Gallery, Los Angeles, Hôtel de Ville, Νανσί, 1988, Armory Show, 88, LavignesBastille Gallery, Νέα Υόρκη Abbaye des Cordeliers, Châteauroux, retrospektív,  Louis K Meisel Gallery, Νέα Υόρκη, FIAC, Galerie LavignesBastille, Παρίσι, 1991, Galerie PrazanFitussi, Παρίσι, 1993, Galerie Guénéguaud, Παρίσι, Galerie Mann, Παρίσι, 1994, 1997, Jane Kahan Gallery, Νέα Υόρκη, 1999, Galerie Tempera, Βρυξέλλες, 1999, 2000, Gallerihuset, Κοπεγχάγη, 2006, ErdészMaklári Galéria, Βουδαπέστη, 2007, A test színeváltozása.	
1728101	 http, , wwwoldcomputerscom, museum, computerasp, c, 28, http, , oldcomputersnet, amiga1000html,  Εξωτερικοί σύνδεσμοι, , Official AmigaOS website, Famous Amiga Uses, Amiga, Inc, Amiga Hardware Database, Big Book of Amiga Hardware,  Amiga Lorraine, finally, the next generation Atari.	
1733180	, Abedus breviceps,  Stål, 1862, , Abedus herberti,  Hidalgo, 1935, , Abedus immaculatus,  Say, 1832, , Abedus indentatus,  Haldeman, 1854, , Abedus ovatus,  Stål, 1862, , Abedus parkeri,  Menke, 1966, , Abedus vicinus,  Mayr, 1871.	
1670099	, Ich schwöre bei Gott diesen heiligen Eid, dass ich dem Führer des Deutschen Reiches und Volkes Adolf Hitler, dem Oberbefehlshaber der Wehrmacht, unbedingten Gehorsam leisten und als tapferer Soldat bereit sein will, jederzeit für diesen Eid mein Leben einzusetzen.	
1722267	Επιπρόσθετα, το 1964, προκειμένου να υποστηρίξει παιδιά που δεν ήταν επιλέξιμα για υιοθεσία, η Μπακ ίδρυσε το Pearl S Buck Foundation, σήμερα γνωστό ως, Pearl S Buck International,  για να,  αντιμετωπίσει τη φτώχεια και τις διακρίσεις που βιώνουν παιδιά στις ασιατικές χώρες, .	
1699058	 Επίσημη ιστοσελίδα Luther Burbank Home and Gardens, National Inventors Hall of Fame profile, Luther Burbank Virtual Museum,  Luther Burbank, His Methods and Discoveries and Their Practical Application,  διαθέσιμο online μέσω του University of Wisconsin Digital Collections Center.	
1718792	Ο John Allison της BB, T και ο Ed Snider της Comcast Spectacor έχουν χρηματοδοτήσει την προώθηση των ιδεών της Ραντ, ενώ ο Mark Cuban, ιδιοκτήτης των Dallas Mavericks, και ο John P Mackey, CEO των Whole Foods, μεταξύ άλλων, έχουν πει ότι θεωρούν τη Ραντ ζωτικής σημασίας για την επιτυχία τους.	
1758281	, Stay Hungry,  3, 14,  We re Not Gonna Take It,  4, 36,  Burn in Hell,  5, 37,  HorrorTeria, The Beginning,  8, 42, , Captain Howdy, ,  Street Justice, , I Wanna Rock,  3, 15,  The Price,  4, 08,  Don t Let Me Down,  4, 45,  The Beast,  3, 25,  SMF	
1771564	Είναι δύο φορές πρωταθλητής ΝΒΑ, 2012, 2013,  δύο φορές MVP των τελικών, 2012, 2013,  τέσσερις φορές MVP του NBA, 2009, 2010, 2012, 2013,  πρώτος σκόρερ του NBA, 2008,  NBA Rookie της Χρονιάς, 2004, και δις χρυσός Ολυμπιονίκης.	
1724356	Το 2009, ο Sebastian Ingrosso κυκλοφόρησε τα Laktos, Kidsos, Echo Vibes και Meich, με τους Dirty South, μέσω της δικής του δισκογραφικής εταιρείας, Refune, το, How Soon Is Now,  σε συνεργασία με τους Julie McKnight, David Guetta και Dirty South, και την μεγάλη House επιτυχία, Leave the World Behind,  μαζί με τους Axwell, Steve Angello και Laidback Luke, με την Deborah Cox στα φωνητικά.	
1715763	Ο Γουόρεν Μόνταγκ στο βιβλίο του, The Unthinkable Swift, The Spontaneous Philosophy of a Church of England Man, υποστηρίζει ότι ο Σουίφτ ήθελε να αντικρούσει την άποψη ότι το άτομο προηγείται της κοινωνίας, όπως φαίνεται να υποστηρίζει ο Ντεφόε.	
1713592	Full double bind requires several conditions to be met,  The victim of double bind receives contradictory injunctions or emotional messages on different levels of communication, for example, love is expressed by words, and hate or detachment by nonverbal behaviour, or a child is encouraged to speak freely, but criticised or silenced whenever he or she actually does so,.	
1734510	,  σκηνοθεσία από Wim Wenders και Mark Neale, ,  Best Female, ,  Tori Amos, Björk, Mariah Carey, Neneh Cherry, Marusha, , Best Male, ,  Bryan Adams, MC Solaar, Prince, Seal, Bruce Springsteen, , Best Group, ,  Aerosmith, Beastie Boys, Crowded House, Rage Against the Machine, Take That, , Best New Act, ,  Beck, Crash Test Dummies, Deus, Therapy.	
1745385	, ,  Sö 170, ,  Omeljan Pritsak, 1981, comments that among those who raised the memorial, the youngest son Guðvér would rise to become the commander of the Varangian Guard in the mid11th century, as shown in a second mention of Guðvér on the Ρουνική λίθος Sö 217.	
1734021	Σύμφωνα με τον Pettibone στο άρθρο του,  Erotica Diaries,  που δημοσίευε στο περιοδικό Icon της Μαντόνα, παρήγαγε μια κασέτα με τρία τραγούδια πριν ταξιδέψει στο Σικάγο όπου είχε το γύρισμα για την ταινία A League of Their Own, για να τ ακούσει η Μαντόνα.	
1708578	Αρχικά με τον τίτλο, Freeware Summit, και αργότερα έγινε γνωστό ως, Open Source Summit,  Η εκδήλωση συγκέντρωσε τους ηγέτες από τα πιο πολλά σημαντικά ελεύθερου και ανοικτού κώδικα έργα, συμπεριλαμβανομένων τους Linus Torvalds, Larry Wall, Brian Behlendorf, Eric Allman, Guido van Rossum, Michael Tiemann, Paul Vixie, Jamie Zawinski του Netscape, και τον Eric Raymond.	
1696978	 NPR, Dwarf Planets May Finally Get Respect, David Kestenbaum,  BBC News, Q, A New planets proposal, August 16, 2006, Ottawa Citizen, The case against Pluto, P Surdas Mohit, August 24, 2006, James L Hilton, When Did the asteroids Become Minor Planets.	
1736798	 Campeonato Cearense, 42,  1915, 1916, 1917, 1918, 1919, 1922, 1925, 1931, 1932, 1939, 1941, 1942, 1948, 1951, 1957, 1958, 1961, 1962, 1963, 1971, 1972, 1975, 1976, 1977, 1978, 1980, 1981, 1984, 1986, 1989, 1990, 1992, 1993, 1996, 1997, 1998, 1999, 2002, 2006, 2011, 2012, 2013, Liga Metropolitana Cearense, 1915, 1916, 1917, 1918, 1919, Copa NorteNordeste, 2,  1964 1969, Copa do Nordeste, 1,  1969, Κύπελλο Βραζιλίας, ποδόσφαιρο ανδρών,  0,  Φιναλίστ, 1,  1994,  Ημιτελικά, 2,  2005, 2011, Copa Verão do Recife, 1,  1997, Official website	
1678927	 Σοβιετική Ένωση, Arkadi Botschkarjew, Anatoli Konjew, Otar Korkia, Mart Laga, Algirdas Lauritėnas, Alexander Moisejew, Juri Oserow, Kazys Petkevičius, Lew Resetnikow, Gunārs Siliņš, Stasys Stonkus, Michail Semjonow, Wladimir Torban, Wiktor Wlassow.	
1707030	Essays in memory of Paul Feyerabend,  2000,  ISBN 0195128745, John Preston,  Feyerabend, Philosophy, Science and Society,  1997,  ISBN 0745616755, ISBN 0745616763,  Paul Feyerabend entry in the Stanford Encyclopedia of Philosophy,  Anything goes,  Feyerabend and Method Paul Newall, The Galilean Library, 2005,  Feyerabend and Beyond, an interview by Paul Newall with Feyerabend s student Gonzalo Munévar, The Galilean Library, 2005,  Outline of an Anarchistic Theory of Knowledge Analytical Index and the concluding chapter from, Against Method,  1975,  De la paradoja en el, todo vale, de Paul Feyerabend a la falacia de la falsa libertad Horacio Bernardo en, Galileo, Número 28.	
1772555	, 1975, , Ce soir je ne dors pas,  Απρίλιος 1976, , Ca balance pas mal à Paris,  ντουέτο με τον Michel Berger,  Ιούνιος 1976, , Musique,  Μάιος 1977, , Si, maman si,  Οκτώβριοςr 1977, , Le meilleur de soimême,  Ιανουάριος 1978, , Viens je t emmène,  Μάρτιος 1978, , Besoin d amour,  Ιανουάριος 1979, , Il jouait du piano debout,  Ιούνιος 1980, , Bébé, comme la vie,  Οκτώβριος 1980, , Les Aveux, Donner pour donner,  ντουέτο με τον Elton John, Οκτώβριος 1980, , Tout pour la musique, Résiste,  Οκτώβριος 1981, , Amor También, Tout le monde chante, , Μάιος 1982, , Débranche,  6 Απριλίου 1984, , Hong Kong Star,  17 Σεπτεμβρίου 1984, , Calypso,  4 Φεβρουαρίου 1985, , Cézanne peint,  20 Μαΐου 1985, , Babacar,  3 Απριλίου 1987, , Ella, elle l a,  24 Αυγούστου 1987, , Évidemment,  7 Μαρτίου 1988, , Papillon de nuit,  12 Σεπτεμβρίου 1988, , La chanson d Azima,  20 Μαρτίου 1989, , Laissez passez les rêves,  29 Μαΐου 1992, , Superficiel et léger,  12 Οκτωβρίου 1992, , Les élans du coeur,  15 Ιανουαρίου 1993, , Mademoiselle Chang, live, , 6 Μαΐου 1993, , Si, maman si, live, , 5 Νοεμβρίου 1993, , Il jouait du piano debout, live, , Δεκέμβριος 1993, , La négresse blonde, live, , 2 Φεβρουαρίου 1994, , Paradis Blanc, live, , 15 Μαρτίου 1994, , Les princes des villes,  14 Νοεμβρίου 1994, , Plus haut,  15 Μαρτίου 1996, , Privée d amour,  5 Νοεμβρίου 1996, , Message personnel,  25 Οκτωβρίου 1996, , Résiste, remix, , 14 Φεβρουαρίου 1997, , Attends ou vat en, live, , 15 Μαΐου 1997, , La seule chose qui compte,  20 Αυγούστου 2004, , France Gall,  1976, , Dancing disco,  1977, , France Gall Live,  live album1978, , Starmania,  various artists,  16 Οκτωβρίου 1978, , Paris, France,  1980, , Tout pour la musique,  1981, , Palais des Sports,  live album, 1982, , Débranche,  1984, , France Gall au Zénith,  live album, 1985, , Babacar,  1987, , Le Tour de France 88,  live album, 1988, , Double jeu,  με τον Michel Berger, 1992, , Simple je, Débranchée à Bercy 93, , live album, 1993, , Simple je, Rebranchée à Bercy 93, , live album, 1994, , France,  1996, , Concert public, Olympia,  concert privé, concert acoustique, , 1997,  Επίσημος Ιστότοπος, offline,  Βιογραφία της France Gall, Αφιέρωμα στο Gainsbourg, France Gall	
1709097	 http, , iltirrenogelocalit, livorno, cronaca, 2011, 05, 17, news, muoredopoloperazionelexcalciatorebertinivogliamosapereperche4207304,  ιταλικά,  Ρόμπερτ Τρέιλορ, 34, Αμερικανός καλαθοσφαιριστής Milwaukee Bucks, Cleveland Cavaliers, New Orleans Hornets,  από καρδιακή προσβολή.	
1777867	Το Eye of GNOME υποστηρίζει τις παρακάτω μορφές αρχείων,  ANI, Κινούμενα σχέδια, BMP, Ψηφιογραφίες Windows, Graphics Interchange Format, GIF,  ICO, Εικονίδια Windows, JPEG, Joint Photographic Experts Group, PCX, PC Paintbrush, Portable Network Graphics, PNG,  PNM, Portable Anymap from the PPM Toolkit, RAS, Sun Εικονογραφία, Scalable Vector Graphics, SVG,  TGA, Targa, Tagged Image File Format, TIFF,  Wireless Application Protocol Bitmap Format, WBMP,  X BitMap, XBM,  X PixMap, XPM, Το Eye of GNOME υποστηρίζει επίσης την προβολή των Exif, XMP μεταδεδομένων που σχετίζονται με μια εικόνα.	
1713172	Σύμφωνα με ένα έγγραφο που δημοσιεύθηκε το 2005, το Μεξικό και η Νότια Κορέα ήταν οι μόνες άλλες χώρες συγκρίσιμες με τις BRIC, αλλά οι οικονομίες τους αποκλείστηκαν αρχικά επειδή θεωρούνταν ήδη πιο ανεπτυγμένες, καθώς ήταν ήδη μέλη του ΟΟΣΑ.	